hs_code,country_name,country_iso,export_scale,recommendation_score,updated_at,source
330499,가나,,내수,1.28,2025-06-26 16:08:53,KOTRA
330499,몽골,,유망,12.04,2025-06-26 16:08:53,KOTRA
330499,미국,US,유망,25.65,2025-06-26 16:08:53,KOTRA
330499,미국령사모아,,유망,4.4,2025-06-26 16:08:53,KOTRA
330499,미얀마,,유망,7.37,2025-06-26 16:08:53,KOTRA
330499,바누아투,,유망,5.43,2025-06-26 16:08:53,KOTRA
330499,바레인,,유망,5.58,2025-06-26 16:08:53,KOTRA
330499,바베이도스,,유망,3.25,2025-06-26 16:08:53,KOTRA
330499,바하마,,유망,3.12,2025-06-26 16:08:53,KOTRA
330499,방글라데시,,유망,5.4,2025-06-26 16:08:53,KOTRA
330499,베냉,,유망,2.85,2025-06-26 16:08:53,KOTRA
330499,베네수엘라,,유망,4.26,2025-06-26 16:08:53,KOTRA
330499,베트남,VN,유망,19.13,2025-06-26 16:08:53,KOTRA
330499,벨기에,,유망,5.74,2025-06-26 16:08:53,KOTRA
330499,벨라루스,,유망,4.77,2025-06-26 16:08:53,KOTRA
330499,보스니아 헤르체고비나,,유망,4.55,2025-06-26 16:08:53,KOTRA
330499,볼리비아,,유망,4.99,2025-06-26 16:08:53,KOTRA
330499,부르키나파소,,유망,3.11,2025-06-26 16:08:53,KOTRA
330499,부탄,,유망,5.05,2025-06-26 16:08:53,KOTRA
330499,북마리아나제도,,유망,4.07,2025-06-26 16:08:53,KOTRA
330499,불가리아,,유망,7.6,2025-06-26 16:08:53,KOTRA
330499,브라질,BR,유망,7.31,2025-06-26 16:08:53,KOTRA
330499,브루나이,,유망,5.39,2025-06-26 16:08:53,KOTRA
330499,사모아 (서사모아),,유망,3.25,2025-06-26 16:08:53,KOTRA
330499,사우디아라비아,SA,유망,7.79,2025-06-26 16:08:53,KOTRA
330499,세네갈,,유망,3.37,2025-06-26 16:08:53,KOTRA
330499,몰타,,유망,4.33,2025-06-26 16:08:53,KOTRA
330499,몰디브,,유망,5.1,2025-06-26 16:08:53,KOTRA
330499,몰다비아,,유망,6.12,2025-06-26 16:08:53,KOTRA
330499,라오스,,유망,3.59,2025-06-26 16:08:53,KOTRA
330499,라이베리아,,유망,2.85,2025-06-26 16:08:53,KOTRA
330499,라트비아,,유망,5.55,2025-06-26 16:08:53,KOTRA
330499,러시아연방,,유망,13.19,2025-06-26 16:08:53,KOTRA
330499,레바논,,유망,4.88,2025-06-26 16:08:53,KOTRA
330499,레유니온,,유망,5.51,2025-06-26 16:08:53,KOTRA
330499,루마니아,,유망,8.14,2025-06-26 16:08:53,KOTRA
330499,룩셈부르크,,유망,4.73,2025-06-26 16:08:53,KOTRA
330499,르완다,,유망,4.9,2025-06-26 16:08:53,KOTRA
330499,리비아,,유망,5.06,2025-06-26 16:08:53,KOTRA
330499,리투아니아,,유망,7.4,2025-06-26 16:08:53,KOTRA
330499,마다가스카르,,유망,5.2,2025-06-26 16:08:53,KOTRA
330499,마르티니끄,,유망,7.45,2025-06-26 16:08:53,KOTRA
330499,마샬 제도,,유망,3.34,2025-06-26 16:08:53,KOTRA
330499,마카오,,유망,4.5,2025-06-26 16:08:53,KOTRA
330499,마케도니아,,유망,5.89,2025-06-26 16:08:53,KOTRA
330499,마크로네시아,,유망,3.44,2025-06-26 16:08:53,KOTRA
330499,말라위,,유망,4.1,2025-06-26 16:08:53,KOTRA
330499,말레이시아,MY,유망,14.47,2025-06-26 16:08:53,KOTRA
330499,멕시코,MX,유망,8.1,2025-06-26 16:08:53,KOTRA
330499,모로코,,유망,4.89,2025-06-26 16:08:53,KOTRA
330499,모리셔스,,유망,6.69,2025-06-26 16:08:53,KOTRA
330499,모리타니아,,유망,3.94,2025-06-26 16:08:53,KOTRA
330499,모잠비크,,유망,2.67,2025-06-26 16:08:53,KOTRA
330499,몬테네그로,,유망,5.47,2025-06-26 16:08:53,KOTRA
330499,세르비아,,유망,5.06,2025-06-26 16:08:53,KOTRA
330499,세이셸,,유망,5.46,2025-06-26 16:08:53,KOTRA
330499,영국,GB,유망,10.31,2025-06-26 16:08:53,KOTRA
330499,예멘,,유망,5.27,2025-06-26 16:08:53,KOTRA
330499,오만,OM,유망,6.38,2025-06-26 16:08:53,KOTRA
330499,오스트리아,,유망,4.72,2025-06-26 16:08:53,KOTRA
330499,온두라스,,유망,3.13,2025-06-26 16:08:53,KOTRA
330499,요르단,,유망,4.88,2025-06-26 16:08:53,KOTRA
330499,우간다,,유망,4.73,2025-06-26 16:08:53,KOTRA
330499,우루과이,,유망,4.87,2025-06-26 16:08:53,KOTRA
330499,우즈베키스탄,UZ,유망,7.89,2025-06-26 16:08:53,KOTRA
330499,우크라이나,,유망,10.07,2025-06-26 16:08:53,KOTRA
330499,이라크,IQ,유망,7.87,2025-06-26 16:08:53,KOTRA
330499,이란,,유망,3.04,2025-06-26 16:08:53,KOTRA
330499,이스라엘,,유망,5.97,2025-06-26 16:08:53,KOTRA
330499,이집트,EG,유망,4.09,2025-06-26 16:08:53,KOTRA
330499,이탈리아,IT,유망,7.98,2025-06-26 16:08:53,KOTRA
330499,인도,IN,유망,7.79,2025-06-26 16:08:53,KOTRA
330499,인도네시아,ID,유망,10.56,2025-06-26 16:08:53,KOTRA
330499,일본,JP,유망,18.78,2025-06-26 16:08:53,KOTRA
330499,자메이카,,유망,3.79,2025-06-26 16:08:53,KOTRA
330499,잠비아,,유망,4.48,2025-06-26 16:08:53,KOTRA
330499,조지아,,유망,5.47,2025-06-26 16:08:53,KOTRA
330499,중국,CN,유망,18.87,2025-06-26 16:08:53,KOTRA
330499,중앙아프리카공화국,,유망,1.94,2025-06-26 16:08:53,KOTRA
330499,지부티,,유망,2.88,2025-06-26 16:08:53,KOTRA
330499,지브롤터,,유망,3.48,2025-06-26 16:08:53,KOTRA
330499,엘살바도르,,유망,5.81,2025-06-26 16:08:53,KOTRA
330499,에티오피아,,유망,3.55,2025-06-26 16:08:53,KOTRA
330499,에콰도르,,유망,6.59,2025-06-26 16:08:53,KOTRA
330499,소말리아,,유망,4.28,2025-06-26 16:08:53,KOTRA
330499,수단,,유망,1.04,2025-06-26 16:08:53,KOTRA
330499,수리남,,유망,3.78,2025-06-26 16:08:53,KOTRA
330499,스리랑카,,유망,6.67,2025-06-26 16:08:53,KOTRA
330499,스와질란드,,유망,2.91,2025-06-26 16:08:53,KOTRA
330499,스웨덴,,유망,7.53,2025-06-26 16:08:53,KOTRA
330499,스위스,,유망,9.07,2025-06-26 16:08:53,KOTRA
330499,스페인,ES,유망,7.87,2025-06-26 16:08:53,KOTRA
330499,슬로바키아,,유망,6.51,2025-06-26 16:08:53,KOTRA
330499,슬로베니아,,유망,4.5,2025-06-26 16:08:53,KOTRA
330499,시리아,,유망,2.29,2025-06-26 16:08:53,KOTRA
330499,시에라리온,,유망,3.11,2025-06-26 16:08:53,KOTRA
330499,싱가포르,SG,유망,14.94,2025-06-26 16:08:53,KOTRA
330499,아랍에미리트,AE,유망,13.83,2025-06-26 16:08:53,KOTRA
330499,아루바,,유망,2.73,2025-06-26 16:08:53,KOTRA
330499,아르메니아,,유망,4.68,2025-06-26 16:08:53,KOTRA
870830,가나,,내수,0.76,2025-06-26 16:08:53,KOTRA
870830,바레인,,유망,3.07,2025-06-26 16:08:53,KOTRA
870830,바하마,,유망,1.8,2025-06-26 16:08:53,KOTRA
870830,방글라데시,,유망,2.76,2025-06-26 16:08:53,KOTRA
870830,베네수엘라,,유망,2.46,2025-06-26 16:08:53,KOTRA
870830,베트남,VN,유망,5.58,2025-06-26 16:08:53,KOTRA
870830,벨기에,,유망,3.17,2025-06-26 16:08:53,KOTRA
870830,벨라루스,,유망,2.5,2025-06-26 16:08:53,KOTRA
870830,볼리비아,,유망,2.18,2025-06-26 16:08:53,KOTRA
870830,부탄,,유망,2.05,2025-06-26 16:08:53,KOTRA
870830,북마리아나제도,,유망,2.12,2025-06-26 16:08:53,KOTRA
870830,불가리아,,유망,3.48,2025-06-26 16:08:53,KOTRA
870830,브라질,BR,유망,4.2,2025-06-26 16:08:53,KOTRA
870830,브루나이,,유망,2.53,2025-06-26 16:08:53,KOTRA
870830,사우디아라비아,SA,유망,3.99,2025-06-26 16:08:53,KOTRA
870830,세네갈,,유망,2.17,2025-06-26 16:08:53,KOTRA
870830,세르비아,,유망,2.89,2025-06-26 16:08:53,KOTRA
870830,세이셸,,유망,2.16,2025-06-26 16:08:53,KOTRA
870830,세인트루시아,,유망,2.32,2025-06-26 16:08:53,KOTRA
870830,솔로몬,,유망,2.21,2025-06-26 16:08:53,KOTRA
870830,수단,,유망,0.55,2025-06-26 16:08:53,KOTRA
870830,바누아투,,유망,2.43,2025-06-26 16:08:53,KOTRA
870830,미얀마,,유망,2.11,2025-06-26 16:08:53,KOTRA
870830,러시아연방,,유망,4.41,2025-06-26 16:08:53,KOTRA
870830,레바논,,유망,3.74,2025-06-26 16:08:53,KOTRA
870830,루마니아,,유망,3.64,2025-06-26 16:08:53,KOTRA
870830,리비아,,유망,2.9,2025-06-26 16:08:53,KOTRA
870830,리투아니아,,유망,3.5,2025-06-26 16:08:53,KOTRA
870830,마다가스카르,,유망,2.6,2025-06-26 16:08:53,KOTRA
870830,마르티니끄,,유망,2.94,2025-06-26 16:08:53,KOTRA
870830,마샬 제도,,유망,2.33,2025-06-26 16:08:53,KOTRA
870830,마카오,,유망,1.69,2025-06-26 16:08:53,KOTRA
870830,말레이시아,MY,유망,4.66,2025-06-26 16:08:53,KOTRA
870830,멕시코,MX,유망,4.59,2025-06-26 16:08:53,KOTRA
870830,모로코,,유망,2.27,2025-06-26 16:08:53,KOTRA
870830,모리셔스,,유망,3.12,2025-06-26 16:08:53,KOTRA
870830,모잠비크,,유망,2.32,2025-06-26 16:08:53,KOTRA
870830,몰다비아,,유망,2.65,2025-06-26 16:08:53,KOTRA
870830,몰디브,,유망,1.78,2025-06-26 16:08:53,KOTRA
870830,몰타,,유망,2.36,2025-06-26 16:08:53,KOTRA
870830,몽골,,유망,3.41,2025-06-26 16:08:53,KOTRA
870830,미국,US,유망,9.53,2025-06-26 16:08:53,KOTRA
870830,미국령사모아,,유망,1.83,2025-06-26 16:08:53,KOTRA
870830,스리랑카,,유망,2.49,2025-06-26 16:08:53,KOTRA
870830,스웨덴,,유망,3.7,2025-06-26 16:08:53,KOTRA
870830,요르단,,유망,3.76,2025-06-26 16:08:53,KOTRA
870830,우간다,,유망,1.61,2025-06-26 16:08:53,KOTRA
870830,우루과이,,유망,3.13,2025-06-26 16:08:53,KOTRA
870830,우즈베키스탄,UZ,유망,5.86,2025-06-26 16:08:53,KOTRA
870830,우크라이나,,유망,2.85,2025-06-26 16:08:53,KOTRA
870830,이라크,IQ,유망,5.41,2025-06-26 16:08:53,KOTRA
870830,이란,,유망,2.97,2025-06-26 16:08:53,KOTRA
870830,이스라엘,,유망,4.14,2025-06-26 16:08:53,KOTRA
870830,이집트,EG,유망,4.57,2025-06-26 16:08:53,KOTRA
870830,이탈리아,IT,유망,3.89,2025-06-26 16:08:53,KOTRA
870830,인도,IN,유망,3.92,2025-06-26 16:08:53,KOTRA
870830,인도네시아,ID,유망,5.24,2025-06-26 16:08:53,KOTRA
870830,일본,JP,유망,5.24,2025-06-26 16:08:53,KOTRA
870830,조지아,,유망,2.52,2025-06-26 16:08:53,KOTRA
870830,중국,CN,유망,8.15,2025-06-26 16:08:53,KOTRA
870830,중앙아프리카공화국,,유망,1.41,2025-06-26 16:08:53,KOTRA
870830,체코,,유망,3.56,2025-06-26 16:08:53,KOTRA
870830,칠레,CL,유망,3.84,2025-06-26 16:08:53,KOTRA
870830,카자흐스탄,KZ,유망,3.4,2025-06-26 16:08:53,KOTRA
870830,카타르,QA,유망,2.49,2025-06-26 16:08:53,KOTRA
870830,온두라스,,유망,3.53,2025-06-26 16:08:53,KOTRA
870830,오스트리아,,유망,2.32,2025-06-26 16:08:53,KOTRA
870830,스위스,,유망,4.05,2025-06-26 16:08:53,KOTRA
870830,스페인,ES,유망,3.68,2025-06-26 16:08:53,KOTRA
870830,슬로바키아,,유망,3.45,2025-06-26 16:08:53,KOTRA
870830,슬로베니아,,유망,2.61,2025-06-26 16:08:53,KOTRA
870830,시리아,,유망,1.34,2025-06-26 16:08:53,KOTRA
870830,싱가포르,SG,유망,4.33,2025-06-26 16:08:53,KOTRA
870830,아랍에미리트,AE,유망,6.25,2025-06-26 16:08:53,KOTRA
870830,아루바,,유망,2.09,2025-06-26 16:08:53,KOTRA
870830,아르헨티나,,유망,2.77,2025-06-26 16:08:53,KOTRA
870830,아이슬란드,,유망,2.64,2025-06-26 16:08:53,KOTRA
870830,아일랜드,,유망,2.96,2025-06-26 16:08:53,KOTRA
870830,아제르바이잔,,유망,3.46,2025-06-26 16:08:53,KOTRA
870830,알바니아,,유망,3.14,2025-06-26 16:08:53,KOTRA
870830,알제리,,유망,3.28,2025-06-26 16:08:53,KOTRA
870830,에스토니아,,유망,2.79,2025-06-26 16:08:53,KOTRA
870830,에콰도르,,유망,4.13,2025-06-26 16:08:53,KOTRA
870830,엘살바도르,,유망,2.93,2025-06-26 16:08:53,KOTRA
870830,영국,GB,유망,3.94,2025-06-26 16:08:53,KOTRA
870830,예멘,,유망,2.66,2025-06-26 16:08:53,KOTRA
870830,오만,OM,유망,2.63,2025-06-26 16:08:53,KOTRA
870830,라트비아,,유망,2.71,2025-06-26 16:08:53,KOTRA
870830,라오스,,유망,1.91,2025-06-26 16:08:53,KOTRA
870830,독일,DE,유망,4.53,2025-06-26 16:08:53,KOTRA
870830,이탈리아,IT,성장,4.27,2025-06-26 16:08:53,KOTRA
870830,인도,IN,성장,6.92,2025-06-26 16:08:53,KOTRA
870830,인도네시아,ID,성장,6.1,2025-06-26 16:08:53,KOTRA
870830,일본,JP,성장,8.72,2025-06-26 16:08:53,KOTRA
870830,조지아,,성장,2.63,2025-06-26 16:08:53,KOTRA
870830,중국,CN,성장,9.83,2025-06-26 16:08:53,KOTRA
870830,중앙아프리카공화국,,성장,1.46,2025-06-26 16:08:53,KOTRA
870830,체코,,성장,5.52,2025-06-26 16:08:53,KOTRA
870830,칠레,CL,성장,6.02,2025-06-26 16:08:53,KOTRA
870830,카자흐스탄,KZ,성장,4.89,2025-06-26 16:08:53,KOTRA
210690,가나,,내수,1.37,2025-06-26 16:08:53,KOTRA
210690,미국,US,유망,16.3,2025-06-26 16:08:53,KOTRA
210690,미국령사모아,,유망,2.08,2025-06-26 16:08:53,KOTRA
210690,미얀마,,유망,3.22,2025-06-26 16:08:53,KOTRA
210690,바누아투,,유망,3.24,2025-06-26 16:08:53,KOTRA
210690,바레인,,유망,3.44,2025-06-26 16:08:53,KOTRA
210690,바베이도스,,유망,2.44,2025-06-26 16:08:53,KOTRA
210690,방글라데시,,유망,3.12,2025-06-26 16:08:53,KOTRA
210690,베냉,,유망,2.22,2025-06-26 16:08:53,KOTRA
210690,베네수엘라,,유망,2.73,2025-06-26 16:08:53,KOTRA
210690,베트남,VN,유망,15.88,2025-06-26 16:08:53,KOTRA
210690,벨기에,,유망,2.84,2025-06-26 16:08:53,KOTRA
210690,보스니아 헤르체고비나,,유망,2.26,2025-06-26 16:08:53,KOTRA
210690,볼리비아,,유망,2.56,2025-06-26 16:08:53,KOTRA
210690,부르키나파소,,유망,2.25,2025-06-26 16:08:53,KOTRA
210690,부탄,,유망,2.85,2025-06-26 16:08:53,KOTRA
210690,북마리아나제도,,유망,2.63,2025-06-26 16:08:53,KOTRA
210690,불가리아,,유망,3.55,2025-06-26 16:08:53,KOTRA
210690,브라질,BR,유망,3.98,2025-06-26 16:08:53,KOTRA
210690,브루나이,,유망,2.9,2025-06-26 16:08:53,KOTRA
210690,사모아 (서사모아),,유망,2.43,2025-06-26 16:08:53,KOTRA
210690,사우디아라비아,SA,유망,3.26,2025-06-26 16:08:53,KOTRA
210690,세네갈,,유망,2.78,2025-06-26 16:08:53,KOTRA
210690,몽골,,유망,7.6,2025-06-26 16:08:53,KOTRA
210690,몰타,,유망,2.45,2025-06-26 16:08:53,KOTRA
210690,몰디브,,유망,2.57,2025-06-26 16:08:53,KOTRA
210690,라트비아,,유망,3.01,2025-06-26 16:08:53,KOTRA
210690,러시아연방,,유망,5.06,2025-06-26 16:08:53,KOTRA
210690,레바논,,유망,2.58,2025-06-26 16:08:53,KOTRA
210690,루마니아,,유망,3.58,2025-06-26 16:08:53,KOTRA
210690,룩셈부르크,,유망,2.49,2025-06-26 16:08:53,KOTRA
210690,르완다,,유망,1.97,2025-06-26 16:08:53,KOTRA
210690,리비아,,유망,2.31,2025-06-26 16:08:53,KOTRA
210690,리투아니아,,유망,3.35,2025-06-26 16:08:53,KOTRA
210690,마다가스카르,,유망,2.72,2025-06-26 16:08:53,KOTRA
210690,마르티니끄,,유망,3.29,2025-06-26 16:08:53,KOTRA
210690,마샬 제도,,유망,2.6,2025-06-26 16:08:53,KOTRA
210690,마카오,,유망,3.13,2025-06-26 16:08:53,KOTRA
210690,마케도니아,,유망,2.89,2025-06-26 16:08:53,KOTRA
210690,마크로네시아,,유망,1.91,2025-06-26 16:08:53,KOTRA
210690,말레이시아,MY,유망,8.39,2025-06-26 16:08:53,KOTRA
210690,멕시코,MX,유망,4.56,2025-06-26 16:08:53,KOTRA
210690,모로코,,유망,2.76,2025-06-26 16:08:53,KOTRA
210690,모리셔스,,유망,3.86,2025-06-26 16:08:53,KOTRA
210690,모리타니아,,유망,2.83,2025-06-26 16:08:53,KOTRA
210690,모잠비크,,유망,2.4,2025-06-26 16:08:53,KOTRA
210690,몬테네그로,,유망,2.22,2025-06-26 16:08:53,KOTRA
210690,몰다비아,,유망,3.19,2025-06-26 16:08:53,KOTRA
210690,세르비아,,유망,2.51,2025-06-26 16:08:53,KOTRA
210690,세이셸,,유망,2.73,2025-06-26 16:08:53,KOTRA
210690,영국,GB,유망,4.38,2025-06-26 16:08:53,KOTRA
210690,예멘,,유망,2.54,2025-06-26 16:08:53,KOTRA
210690,오만,OM,유망,3.33,2025-06-26 16:08:53,KOTRA
210690,오스트리아,,유망,2.53,2025-06-26 16:08:53,KOTRA
210690,온두라스,,유망,2.64,2025-06-26 16:08:53,KOTRA
210690,요르단,,유망,1.96,2025-06-26 16:08:53,KOTRA
210690,우간다,,유망,2.31,2025-06-26 16:08:53,KOTRA
210690,우루과이,,유망,2.76,2025-06-26 16:08:53,KOTRA
210690,우즈베키스탄,UZ,유망,3.11,2025-06-26 16:08:53,KOTRA
210690,우크라이나,,유망,3.79,2025-06-26 16:08:53,KOTRA
210690,이라크,IQ,유망,3.08,2025-06-26 16:08:53,KOTRA
210690,이란,,유망,2.75,2025-06-26 16:08:53,KOTRA
210690,이스라엘,,유망,3.91,2025-06-26 16:08:53,KOTRA
210690,이집트,EG,유망,3.99,2025-06-26 16:08:53,KOTRA
210690,이탈리아,IT,유망,3.73,2025-06-26 16:08:53,KOTRA
210690,인도,IN,유망,3.95,2025-06-26 16:08:53,KOTRA
210690,인도네시아,ID,유망,5.21,2025-06-26 16:08:53,KOTRA
210690,일본,JP,유망,10.92,2025-06-26 16:08:53,KOTRA
210690,잠비아,,유망,2.59,2025-06-26 16:08:53,KOTRA
210690,조지아,,유망,2.16,2025-06-26 16:08:53,KOTRA
210690,중국,CN,유망,10.32,2025-06-26 16:08:53,KOTRA
210690,지부티,,유망,1.66,2025-06-26 16:08:53,KOTRA
210690,엘살바도르,,유망,2.98,2025-06-26 16:08:53,KOTRA
210690,에티오피아,,유망,1.71,2025-06-26 16:08:53,KOTRA
210690,에콰도르,,유망,3.84,2025-06-26 16:08:53,KOTRA
210690,소말리아,,유망,2.3,2025-06-26 16:08:53,KOTRA
210690,솔로몬,,유망,2.69,2025-06-26 16:08:53,KOTRA
210690,수단,,유망,0.81,2025-06-26 16:08:53,KOTRA
210690,스리랑카,,유망,3.61,2025-06-26 16:08:53,KOTRA
210690,스와질란드,,유망,2.37,2025-06-26 16:08:53,KOTRA
210690,스웨덴,,유망,3.43,2025-06-26 16:08:53,KOTRA
210690,스위스,,유망,3.67,2025-06-26 16:08:53,KOTRA
210690,스페인,ES,유망,3.94,2025-06-26 16:08:53,KOTRA
210690,슬로바키아,,유망,2.68,2025-06-26 16:08:53,KOTRA
210690,슬로베니아,,유망,2.72,2025-06-26 16:08:53,KOTRA
210690,싱가포르,SG,유망,10.37,2025-06-26 16:08:53,KOTRA
210690,아랍에미리트,AE,유망,4.64,2025-06-26 16:08:53,KOTRA
210690,아르메니아,,유망,2.47,2025-06-26 16:08:53,KOTRA
210690,아르헨티나,,유망,3.09,2025-06-26 16:08:53,KOTRA
210690,아이슬란드,,유망,2.51,2025-06-26 16:08:53,KOTRA
210690,아일랜드,,유망,3.1,2025-06-26 16:08:53,KOTRA
210690,아제르바이잔,,유망,2.81,2025-06-26 16:08:53,KOTRA
210690,아프가니스탄,,유망,2.49,2025-06-26 16:08:53,KOTRA
210690,알바니아,,유망,3.77,2025-06-26 16:08:53,KOTRA
210690,알제리,,유망,2.33,2025-06-26 16:08:53,KOTRA
210690,앙골라,,유망,2.23,2025-06-26 16:08:53,KOTRA
210690,에스토니아,,유망,2.55,2025-06-26 16:08:53,KOTRA
210690,라오스,,유망,2.53,2025-06-26 16:08:53,KOTRA
210690,독일,DE,유망,5.21,2025-06-26 16:08:53,KOTRA
210690,도미니카공화국,,유망,2.38,2025-06-26 16:08:53,KOTRA
330410,가나,,내수,0.88,2025-06-26 16:08:53,KOTRA
330410,미국령사모아,,유망,2.43,2025-06-26 16:08:53,KOTRA
330410,미얀마,,유망,3.44,2025-06-26 16:08:53,KOTRA
330410,바누아투,,유망,2.24,2025-06-26 16:08:53,KOTRA
330410,바레인,,유망,3.14,2025-06-26 16:08:53,KOTRA
330410,바베이도스,,유망,2.51,2025-06-26 16:08:53,KOTRA
330410,방글라데시,,유망,2.46,2025-06-26 16:08:53,KOTRA
330410,베네수엘라,,유망,2.91,2025-06-26 16:08:53,KOTRA
330410,베트남,VN,유망,10.95,2025-06-26 16:08:53,KOTRA
330410,벨기에,,유망,3.48,2025-06-26 16:08:53,KOTRA
330410,벨라루스,,유망,2.54,2025-06-26 16:08:53,KOTRA
330410,보스니아 헤르체고비나,,유망,2.37,2025-06-26 16:08:53,KOTRA
330410,볼리비아,,유망,2.31,2025-06-26 16:08:53,KOTRA
330410,부탄,,유망,2.76,2025-06-26 16:08:53,KOTRA
330410,북마리아나제도,,유망,2.15,2025-06-26 16:08:53,KOTRA
330410,불가리아,,유망,3.56,2025-06-26 16:08:53,KOTRA
330410,브라질,BR,유망,3.48,2025-06-26 16:08:53,KOTRA
330410,브루나이,,유망,3.33,2025-06-26 16:08:53,KOTRA
330410,사우디아라비아,SA,유망,3.52,2025-06-26 16:08:53,KOTRA
330410,세네갈,,유망,2.15,2025-06-26 16:08:53,KOTRA
330410,세르비아,,유망,3.04,2025-06-26 16:08:53,KOTRA
330410,미국,US,유망,13.52,2025-06-26 16:08:53,KOTRA
330410,몽골,,유망,5.18,2025-06-26 16:08:53,KOTRA
330410,러시아연방,,유망,5.04,2025-06-26 16:08:53,KOTRA
330410,레바논,,유망,3.14,2025-06-26 16:08:53,KOTRA
330410,레유니온,,유망,2.84,2025-06-26 16:08:53,KOTRA
330410,루마니아,,유망,3.94,2025-06-26 16:08:53,KOTRA
330410,룩셈부르크,,유망,2.62,2025-06-26 16:08:53,KOTRA
330410,리비아,,유망,2.64,2025-06-26 16:08:53,KOTRA
330410,리투아니아,,유망,3.76,2025-06-26 16:08:53,KOTRA
330410,마다가스카르,,유망,2.29,2025-06-26 16:08:53,KOTRA
330410,마르티니끄,,유망,3.23,2025-06-26 16:08:53,KOTRA
330410,마카오,,유망,2.59,2025-06-26 16:08:53,KOTRA
330410,마케도니아,,유망,3.23,2025-06-26 16:08:53,KOTRA
330410,말레이시아,MY,유망,6.48,2025-06-26 16:08:53,KOTRA
330410,멕시코,MX,유망,4.4,2025-06-26 16:08:53,KOTRA
330410,모로코,,유망,2.8,2025-06-26 16:08:53,KOTRA
330410,모리셔스,,유망,3.88,2025-06-26 16:08:53,KOTRA
330410,모리타니아,,유망,2.58,2025-06-26 16:08:53,KOTRA
330410,몬테네그로,,유망,2.49,2025-06-26 16:08:53,KOTRA
330410,몰다비아,,유망,3.26,2025-06-26 16:08:53,KOTRA
330410,몰디브,,유망,2.38,2025-06-26 16:08:53,KOTRA
330410,몰타,,유망,2.44,2025-06-26 16:08:53,KOTRA
330410,세이셸,,유망,2.55,2025-06-26 16:08:53,KOTRA
330410,소말리아,,유망,2.35,2025-06-26 16:08:53,KOTRA
330410,예멘,,유망,2.41,2025-06-26 16:08:53,KOTRA
330410,오만,OM,유망,3.25,2025-06-26 16:08:53,KOTRA
330410,오스트리아,,유망,2.47,2025-06-26 16:08:53,KOTRA
330410,온두라스,,유망,2.29,2025-06-26 16:08:53,KOTRA
330410,요르단,,유망,1.58,2025-06-26 16:08:53,KOTRA
330410,우루과이,,유망,2.62,2025-06-26 16:08:53,KOTRA
330410,우즈베키스탄,UZ,유망,2.96,2025-06-26 16:08:53,KOTRA
330410,우크라이나,,유망,4.26,2025-06-26 16:08:53,KOTRA
330410,이라크,IQ,유망,3.16,2025-06-26 16:08:53,KOTRA
330410,이란,,유망,2.25,2025-06-26 16:08:53,KOTRA
330410,이스라엘,,유망,3.17,2025-06-26 16:08:53,KOTRA
330410,이집트,EG,유망,3.01,2025-06-26 16:08:53,KOTRA
330410,이탈리아,IT,유망,3.83,2025-06-26 16:08:53,KOTRA
330410,인도,IN,유망,4.17,2025-06-26 16:08:53,KOTRA
330410,인도네시아,ID,유망,5.61,2025-06-26 16:08:53,KOTRA
330410,일본,JP,유망,12.74,2025-06-26 16:08:53,KOTRA
330410,조지아,,유망,2.69,2025-06-26 16:08:53,KOTRA
330410,중국,CN,유망,7.14,2025-06-26 16:08:53,KOTRA
330410,지부티,,유망,1.91,2025-06-26 16:08:53,KOTRA
330410,체코,,유망,3.38,2025-06-26 16:08:53,KOTRA
330410,영국,GB,유망,5.07,2025-06-26 16:08:53,KOTRA
330410,엘살바도르,,유망,2.64,2025-06-26 16:08:53,KOTRA
330410,수단,,유망,0.91,2025-06-26 16:08:53,KOTRA
330410,스리랑카,,유망,3.1,2025-06-26 16:08:53,KOTRA
330410,스웨덴,,유망,3.59,2025-06-26 16:08:53,KOTRA
330410,스위스,,유망,3.94,2025-06-26 16:08:53,KOTRA
330410,스페인,ES,유망,4.28,2025-06-26 16:08:53,KOTRA
330410,슬로바키아,,유망,3.55,2025-06-26 16:08:53,KOTRA
330410,슬로베니아,,유망,2.48,2025-06-26 16:08:53,KOTRA
330410,시에라리온,,유망,1.71,2025-06-26 16:08:53,KOTRA
330410,싱가포르,SG,유망,8.07,2025-06-26 16:08:53,KOTRA
330410,아랍에미리트,AE,유망,5.25,2025-06-26 16:08:53,KOTRA
330410,아루바,,유망,1.82,2025-06-26 16:08:53,KOTRA
330410,아르메니아,,유망,2.53,2025-06-26 16:08:53,KOTRA
330410,아르헨티나,,유망,2.82,2025-06-26 16:08:53,KOTRA
330410,아이슬란드,,유망,2.77,2025-06-26 16:08:53,KOTRA
330410,아일랜드,,유망,2.84,2025-06-26 16:08:53,KOTRA
330410,아제르바이잔,,유망,2.71,2025-06-26 16:08:53,KOTRA
330410,알바니아,,유망,3.83,2025-06-26 16:08:53,KOTRA
330410,알제리,,유망,2.27,2025-06-26 16:08:53,KOTRA
330410,에스토니아,,유망,3.45,2025-06-26 16:08:53,KOTRA
330410,에콰도르,,유망,3.64,2025-06-26 16:08:53,KOTRA
330410,라트비아,,유망,2.82,2025-06-26 16:08:53,KOTRA
330410,라오스,,유망,1.92,2025-06-26 16:08:53,KOTRA
330410,독일,DE,유망,5.11,2025-06-26 16:08:53,KOTRA
330410,이란,,성장,2.96,2025-06-26 16:08:53,KOTRA
330410,이스라엘,,성장,4.81,2025-06-26 16:08:53,KOTRA
330410,이집트,EG,성장,3.87,2025-06-26 16:08:53,KOTRA
330410,이탈리아,IT,성장,7,2025-06-26 16:08:53,KOTRA
330410,인도,IN,성장,6.77,2025-06-26 16:08:53,KOTRA
330410,인도네시아,ID,성장,10.33,2025-06-26 16:08:53,KOTRA
330410,일본,JP,성장,21.22,2025-06-26 16:08:53,KOTRA
330410,조지아,,성장,3.53,2025-06-26 16:08:53,KOTRA
330410,중국,CN,성장,12.84,2025-06-26 16:08:53,KOTRA
330410,지부티,,성장,2.42,2025-06-26 16:08:53,KOTRA
330510,가나,,내수,0.6,2025-06-26 16:08:53,KOTRA
330510,몽골,,유망,8.43,2025-06-26 16:08:53,KOTRA
330510,미국,US,유망,14.22,2025-06-26 16:08:53,KOTRA
330510,미국령사모아,,유망,2.54,2025-06-26 16:08:53,KOTRA
330510,미얀마,,유망,3.45,2025-06-26 16:08:53,KOTRA
330510,바누아투,,유망,3.66,2025-06-26 16:08:53,KOTRA
330510,바레인,,유망,3.24,2025-06-26 16:08:53,KOTRA
330510,방글라데시,,유망,3,2025-06-26 16:08:53,KOTRA
330510,베네수엘라,,유망,2.95,2025-06-26 16:08:53,KOTRA
330510,베트남,VN,유망,8.54,2025-06-26 16:08:53,KOTRA
330510,벨기에,,유망,3.47,2025-06-26 16:08:53,KOTRA
330510,벨라루스,,유망,2.94,2025-06-26 16:08:53,KOTRA
330510,보스니아 헤르체고비나,,유망,2.47,2025-06-26 16:08:53,KOTRA
330510,볼리비아,,유망,2.53,2025-06-26 16:08:53,KOTRA
330510,부탄,,유망,2.94,2025-06-26 16:08:53,KOTRA
330510,북마리아나제도,,유망,2.47,2025-06-26 16:08:53,KOTRA
330510,불가리아,,유망,4.04,2025-06-26 16:08:53,KOTRA
330510,브라질,BR,유망,3.81,2025-06-26 16:08:53,KOTRA
330510,브루나이,,유망,3.15,2025-06-26 16:08:53,KOTRA
330510,사모아 (서사모아),,유망,1.84,2025-06-26 16:08:53,KOTRA
330510,몰타,,유망,2.89,2025-06-26 16:08:53,KOTRA
330510,몰디브,,유망,2.93,2025-06-26 16:08:53,KOTRA
330510,러시아연방,,유망,8.05,2025-06-26 16:08:53,KOTRA
330510,레바논,,유망,3.09,2025-06-26 16:08:53,KOTRA
330510,레유니온,,유망,2.9,2025-06-26 16:08:53,KOTRA
330510,루마니아,,유망,4.46,2025-06-26 16:08:53,KOTRA
330510,룩셈부르크,,유망,2.7,2025-06-26 16:08:53,KOTRA
330510,리비아,,유망,3.05,2025-06-26 16:08:53,KOTRA
330510,리투아니아,,유망,4.3,2025-06-26 16:08:53,KOTRA
330510,마르티니끄,,유망,3.46,2025-06-26 16:08:53,KOTRA
330510,마샬 제도,,유망,3.06,2025-06-26 16:08:53,KOTRA
330510,마카오,,유망,2.7,2025-06-26 16:08:53,KOTRA
330510,마케도니아,,유망,3.43,2025-06-26 16:08:53,KOTRA
330510,마크로네시아,,유망,2.26,2025-06-26 16:08:53,KOTRA
330510,말레이시아,MY,유망,8.91,2025-06-26 16:08:53,KOTRA
330510,멕시코,MX,유망,4.22,2025-06-26 16:08:53,KOTRA
330510,모로코,,유망,2.46,2025-06-26 16:08:53,KOTRA
330510,모리셔스,,유망,3.83,2025-06-26 16:08:53,KOTRA
330510,모리타니아,,유망,1.99,2025-06-26 16:08:53,KOTRA
330510,몬테네그로,,유망,2.92,2025-06-26 16:08:53,KOTRA
330510,몰다비아,,유망,4.03,2025-06-26 16:08:53,KOTRA
330510,사우디아라비아,SA,유망,3.58,2025-06-26 16:08:53,KOTRA
330510,세네갈,,유망,2.52,2025-06-26 16:08:53,KOTRA
330510,세르비아,,유망,3.25,2025-06-26 16:08:53,KOTRA
330510,영국,GB,유망,4.25,2025-06-26 16:08:53,KOTRA
330510,예멘,,유망,2.71,2025-06-26 16:08:53,KOTRA
330510,오만,OM,유망,3.15,2025-06-26 16:08:53,KOTRA
330510,오스트리아,,유망,2.95,2025-06-26 16:08:53,KOTRA
330510,온두라스,,유망,2.42,2025-06-26 16:08:53,KOTRA
330510,요르단,,유망,1.81,2025-06-26 16:08:53,KOTRA
330510,우루과이,,유망,3,2025-06-26 16:08:53,KOTRA
330510,우즈베키스탄,UZ,유망,3.31,2025-06-26 16:08:53,KOTRA
330510,우크라이나,,유망,4.36,2025-06-26 16:08:53,KOTRA
330510,이라크,IQ,유망,2.49,2025-06-26 16:08:53,KOTRA
330510,이란,,유망,2.51,2025-06-26 16:08:53,KOTRA
330510,이스라엘,,유망,4.05,2025-06-26 16:08:53,KOTRA
330510,이탈리아,IT,유망,3.78,2025-06-26 16:08:53,KOTRA
330510,인도,IN,유망,4.69,2025-06-26 16:08:53,KOTRA
330510,인도네시아,ID,유망,5.57,2025-06-26 16:08:53,KOTRA
330510,일본,JP,유망,8.33,2025-06-26 16:08:53,KOTRA
330510,조지아,,유망,2.94,2025-06-26 16:08:53,KOTRA
330510,중국,CN,유망,9.58,2025-06-26 16:08:53,KOTRA
330510,지부티,,유망,2.21,2025-06-26 16:08:53,KOTRA
330510,에티오피아,,유망,2.39,2025-06-26 16:08:53,KOTRA
330510,에콰도르,,유망,3.74,2025-06-26 16:08:53,KOTRA
330510,세이셸,,유망,2.71,2025-06-26 16:08:53,KOTRA
330510,소말리아,,유망,2.08,2025-06-26 16:08:53,KOTRA
330510,수단,,유망,0.96,2025-06-26 16:08:53,KOTRA
330510,스리랑카,,유망,3.69,2025-06-26 16:08:53,KOTRA
330510,스웨덴,,유망,3.82,2025-06-26 16:08:53,KOTRA
330510,스위스,,유망,4.15,2025-06-26 16:08:53,KOTRA
330510,스페인,ES,유망,4.21,2025-06-26 16:08:53,KOTRA
330510,슬로바키아,,유망,3.6,2025-06-26 16:08:53,KOTRA
330510,슬로베니아,,유망,2.64,2025-06-26 16:08:53,KOTRA
330510,싱가포르,SG,유망,9.71,2025-06-26 16:08:53,KOTRA
330510,아랍에미리트,AE,유망,5,2025-06-26 16:08:53,KOTRA
330510,아루바,,유망,1.86,2025-06-26 16:08:53,KOTRA
330510,아르메니아,,유망,2.83,2025-06-26 16:08:53,KOTRA
330510,아이슬란드,,유망,2.72,2025-06-26 16:08:53,KOTRA
330510,아일랜드,,유망,2.94,2025-06-26 16:08:53,KOTRA
330510,아제르바이잔,,유망,2.89,2025-06-26 16:08:53,KOTRA
330510,알바니아,,유망,3.72,2025-06-26 16:08:53,KOTRA
330510,알제리,,유망,2.35,2025-06-26 16:08:53,KOTRA
330510,에스토니아,,유망,3.5,2025-06-26 16:08:53,KOTRA
330510,라트비아,,유망,3.31,2025-06-26 16:08:53,KOTRA
330510,라오스,,유망,2.94,2025-06-26 16:08:53,KOTRA
330510,독일,DE,유망,4.73,2025-06-26 16:08:53,KOTRA
330510,우크라이나,,성장,7.26,2025-06-26 16:08:53,KOTRA
330510,이라크,IQ,성장,2.76,2025-06-26 16:08:53,KOTRA
330510,이란,,성장,2.62,2025-06-26 16:08:53,KOTRA
330510,이스라엘,,성장,4.34,2025-06-26 16:08:53,KOTRA
330510,이탈리아,IT,성장,4.55,2025-06-26 16:08:53,KOTRA
330510,인도,IN,성장,4.95,2025-06-26 16:08:53,KOTRA
330510,인도네시아,ID,성장,5.93,2025-06-26 16:08:53,KOTRA
330510,일본,JP,성장,12.62,2025-06-26 16:08:53,KOTRA
330510,조지아,,성장,2.83,2025-06-26 16:08:53,KOTRA
330510,중국,CN,성장,12.45,2025-06-26 16:08:53,KOTRA
330510,지부티,,성장,2.27,2025-06-26 16:08:53,KOTRA
330510,체코,,성장,5.07,2025-06-26 16:08:53,KOTRA
330510,칠레,CL,성장,4.54,2025-06-26 16:08:53,KOTRA
330590,가나,,내수,0.89,2025-06-26 16:08:53,KOTRA
330590,미국령사모아,,유망,2.72,2025-06-26 16:08:53,KOTRA
330590,미얀마,,유망,3.86,2025-06-26 16:08:53,KOTRA
330590,바누아투,,유망,2.66,2025-06-26 16:08:53,KOTRA
330590,바레인,,유망,3.38,2025-06-26 16:08:53,KOTRA
330590,방글라데시,,유망,3.67,2025-06-26 16:08:53,KOTRA
330590,베냉,,유망,2.05,2025-06-26 16:08:53,KOTRA
330590,베네수엘라,,유망,3.18,2025-06-26 16:08:53,KOTRA
330590,베트남,VN,유망,9.88,2025-06-26 16:08:53,KOTRA
330590,벨기에,,유망,3.68,2025-06-26 16:08:53,KOTRA
330590,벨라루스,,유망,3.19,2025-06-26 16:08:53,KOTRA
330590,보스니아 헤르체고비나,,유망,2.74,2025-06-26 16:08:53,KOTRA
330590,볼리비아,,유망,2.93,2025-06-26 16:08:53,KOTRA
330590,부르키나파소,,유망,2.35,2025-06-26 16:08:53,KOTRA
330590,부탄,,유망,3.39,2025-06-26 16:08:53,KOTRA
330590,북마리아나제도,,유망,2.7,2025-06-26 16:08:53,KOTRA
330590,불가리아,,유망,4.38,2025-06-26 16:08:53,KOTRA
330590,브라질,BR,유망,4.29,2025-06-26 16:08:53,KOTRA
330590,브루나이,,유망,3.23,2025-06-26 16:08:53,KOTRA
330590,사우디아라비아,SA,유망,4.29,2025-06-26 16:08:53,KOTRA
330590,세네갈,,유망,2.68,2025-06-26 16:08:53,KOTRA
330590,미국,US,유망,17.83,2025-06-26 16:08:53,KOTRA
330590,몽골,,유망,6.94,2025-06-26 16:08:53,KOTRA
330590,몰타,,유망,3.01,2025-06-26 16:08:53,KOTRA
330590,레바논,,유망,3.46,2025-06-26 16:08:53,KOTRA
330590,레유니온,,유망,2.86,2025-06-26 16:08:53,KOTRA
330590,루마니아,,유망,4.56,2025-06-26 16:08:53,KOTRA
330590,룩셈부르크,,유망,2.93,2025-06-26 16:08:53,KOTRA
330590,르완다,,유망,2.17,2025-06-26 16:08:53,KOTRA
330590,리비아,,유망,3.37,2025-06-26 16:08:53,KOTRA
330590,리투아니아,,유망,4.58,2025-06-26 16:08:53,KOTRA
330590,마다가스카르,,유망,2.96,2025-06-26 16:08:53,KOTRA
330590,마르티니끄,,유망,3.6,2025-06-26 16:08:53,KOTRA
330590,마카오,,유망,3.24,2025-06-26 16:08:53,KOTRA
330590,마케도니아,,유망,3.73,2025-06-26 16:08:53,KOTRA
330590,말레이시아,MY,유망,10.22,2025-06-26 16:08:53,KOTRA
330590,멕시코,MX,유망,4.95,2025-06-26 16:08:53,KOTRA
330590,모로코,,유망,3.26,2025-06-26 16:08:53,KOTRA
330590,모리셔스,,유망,4.19,2025-06-26 16:08:53,KOTRA
330590,모리타니아,,유망,2.16,2025-06-26 16:08:53,KOTRA
330590,모잠비크,,유망,2.14,2025-06-26 16:08:53,KOTRA
330590,몬테네그로,,유망,2.85,2025-06-26 16:08:53,KOTRA
330590,몰다비아,,유망,3.97,2025-06-26 16:08:53,KOTRA
330590,몰디브,,유망,3.13,2025-06-26 16:08:53,KOTRA
330590,세르비아,,유망,3.39,2025-06-26 16:08:53,KOTRA
330590,세이셸,,유망,3.03,2025-06-26 16:08:53,KOTRA
330590,예멘,,유망,2.41,2025-06-26 16:08:53,KOTRA
330590,오만,OM,유망,3.71,2025-06-26 16:08:53,KOTRA
330590,오스트리아,,유망,2.87,2025-06-26 16:08:53,KOTRA
330590,온두라스,,유망,2.59,2025-06-26 16:08:53,KOTRA
330590,요르단,,유망,2.15,2025-06-26 16:08:53,KOTRA
330590,우루과이,,유망,3.35,2025-06-26 16:08:53,KOTRA
330590,우즈베키스탄,UZ,유망,3.77,2025-06-26 16:08:53,KOTRA
330590,우크라이나,,유망,5.35,2025-06-26 16:08:53,KOTRA
330590,이라크,IQ,유망,2.95,2025-06-26 16:08:53,KOTRA
330590,이란,,유망,2.71,2025-06-26 16:08:53,KOTRA
330590,이스라엘,,유망,4.2,2025-06-26 16:08:53,KOTRA
330590,이탈리아,IT,유망,4.45,2025-06-26 16:08:53,KOTRA
330590,인도,IN,유망,5.7,2025-06-26 16:08:53,KOTRA
330590,인도네시아,ID,유망,6.62,2025-06-26 16:08:53,KOTRA
330590,일본,JP,유망,11.39,2025-06-26 16:08:53,KOTRA
330590,잠비아,,유망,2.66,2025-06-26 16:08:53,KOTRA
330590,조지아,,유망,3.14,2025-06-26 16:08:53,KOTRA
330590,중국,CN,유망,10.99,2025-06-26 16:08:53,KOTRA
330590,지부티,,유망,2.53,2025-06-26 16:08:53,KOTRA
330590,체코,,유망,4.25,2025-06-26 16:08:53,KOTRA
330590,영국,GB,유망,4.97,2025-06-26 16:08:53,KOTRA
330590,엘살바도르,,유망,2.63,2025-06-26 16:08:53,KOTRA
330590,에콰도르,,유망,3.38,2025-06-26 16:08:53,KOTRA
330590,소말리아,,유망,2.29,2025-06-26 16:08:53,KOTRA
330590,수단,,유망,0.97,2025-06-26 16:08:53,KOTRA
330590,스리랑카,,유망,3.87,2025-06-26 16:08:53,KOTRA
330590,스웨덴,,유망,4.31,2025-06-26 16:08:53,KOTRA
330590,스위스,,유망,4.15,2025-06-26 16:08:53,KOTRA
330590,스페인,ES,유망,4.58,2025-06-26 16:08:53,KOTRA
330590,슬로바키아,,유망,4.22,2025-06-26 16:08:53,KOTRA
330590,슬로베니아,,유망,2.81,2025-06-26 16:08:53,KOTRA
330590,싱가포르,SG,유망,11.03,2025-06-26 16:08:53,KOTRA
330590,아랍에미리트,AE,유망,6.22,2025-06-26 16:08:53,KOTRA
330590,아루바,,유망,2.03,2025-06-26 16:08:53,KOTRA
330590,아르메니아,,유망,2.78,2025-06-26 16:08:53,KOTRA
330590,아르헨티나,,유망,2.7,2025-06-26 16:08:53,KOTRA
330590,아이슬란드,,유망,2.8,2025-06-26 16:08:53,KOTRA
330590,아이티,,유망,2.72,2025-06-26 16:08:53,KOTRA
330590,아일랜드,,유망,3.58,2025-06-26 16:08:53,KOTRA
330590,아제르바이잔,,유망,2.41,2025-06-26 16:08:53,KOTRA
330590,알바니아,,유망,4.46,2025-06-26 16:08:53,KOTRA
330590,알제리,,유망,2.61,2025-06-26 16:08:53,KOTRA
330590,에스토니아,,유망,3.58,2025-06-26 16:08:53,KOTRA
330590,러시아연방,,유망,7.57,2025-06-26 16:08:53,KOTRA
330590,라트비아,,유망,3.53,2025-06-26 16:08:53,KOTRA
330590,라오스,,유망,3.23,2025-06-26 16:08:53,KOTRA
330590,이란,,성장,2.77,2025-06-26 16:08:53,KOTRA
330590,이스라엘,,성장,4.67,2025-06-26 16:08:53,KOTRA
330590,이탈리아,IT,성장,5.56,2025-06-26 16:08:53,KOTRA
330590,인도,IN,성장,6.27,2025-06-26 16:08:53,KOTRA
330590,인도네시아,ID,성장,7.24,2025-06-26 16:08:53,KOTRA
330590,일본,JP,성장,16.16,2025-06-26 16:08:53,KOTRA
330590,잠비아,,성장,2.8,2025-06-26 16:08:53,KOTRA
330590,조지아,,성장,3.08,2025-06-26 16:08:53,KOTRA
