hs_code,country_name,country_iso,export_scale,recommendation_score,source
330499,가나,,내수,1.28,KOTRA
330499,몽골,MN,유망,12.04,KOTRA
330499,미국,US,유망,25.65,KOTRA
330499,미국령사모아,,유망,4.4,KOTRA
330499,미얀마,MM,유망,7.37,KOTRA
330499,바누아투,,유망,5.43,KOTRA
330499,바레인,,유망,5.58,KOTRA
330499,바베이도스,,유망,3.25,KOTRA
330499,바하마,,유망,3.12,KOTRA
330499,방글라데시,BD,유망,5.4,KOTRA
330499,베냉,,유망,2.85,KOTRA
330499,베네수엘라,,유망,4.26,KOTRA
330499,베트남,VN,유망,19.13,KOTRA
330499,벨기에,,유망,5.74,KOTRA
330499,벨라루스,,유망,4.77,KOTRA
330499,보스니아 헤르체고비나,,유망,4.55,KOTRA
330499,볼리비아,,유망,4.99,KOTRA
330499,부르키나파소,,유망,3.11,KOTRA
330499,부탄,,유망,5.05,KOTRA
330499,북마리아나제도,,유망,4.07,KOTRA
330499,불가리아,,유망,7.6,KOTRA
330499,브라질,BR,유망,7.31,KOTRA
330499,브루나이,,유망,5.39,KOTRA
330499,사모아 (서사모아),,유망,3.25,KOTRA
330499,사우디아라비아,SA,유망,7.79,KOTRA
330499,세네갈,,유망,3.37,KOTRA
330499,몰타,,유망,4.33,KOTRA
330499,몰디브,,유망,5.1,KOTRA
330499,몰다비아,,유망,6.12,KOTRA
330499,라오스,LA,유망,3.59,KOTRA
330499,라이베리아,,유망,2.85,KOTRA
330499,라트비아,,유망,5.55,KOTRA
330499,러시아연방,,유망,13.19,KOTRA
330499,레바논,,유망,4.88,KOTRA
330499,레유니온,,유망,5.51,KOTRA
330499,루마니아,,유망,8.14,KOTRA
330499,룩셈부르크,,유망,4.73,KOTRA
330499,르완다,,유망,4.9,KOTRA
330499,리비아,,유망,5.06,KOTRA
330499,리투아니아,,유망,7.4,KOTRA
330499,마다가스카르,,유망,5.2,KOTRA
330499,마르티니끄,,유망,7.45,KOTRA
330499,마샬 제도,,유망,3.34,KOTRA
330499,마카오,,유망,4.5,KOTRA
330499,마케도니아,,유망,5.89,KOTRA
330499,마크로네시아,,유망,3.44,KOTRA
330499,말라위,,유망,4.1,KOTRA
330499,말레이시아,MY,유망,14.47,KOTRA
330499,멕시코,MX,유망,8.1,KOTRA
330499,모로코,,유망,4.89,KOTRA
330499,모리셔스,,유망,6.69,KOTRA
330499,모리타니아,,유망,3.94,KOTRA
330499,모잠비크,,유망,2.67,KOTRA
330499,몬테네그로,,유망,5.47,KOTRA
330499,세르비아,,유망,5.06,KOTRA
330499,세이셸,,유망,5.46,KOTRA
330499,영국,GB,유망,10.31,KOTRA
330499,예멘,,유망,5.27,KOTRA
330499,오만,OM,유망,6.38,KOTRA
330499,오스트리아,,유망,4.72,KOTRA
330499,온두라스,,유망,3.13,KOTRA
330499,요르단,,유망,4.88,KOTRA
330499,우간다,,유망,4.73,KOTRA
330499,우루과이,,유망,4.87,KOTRA
330499,우즈베키스탄,UZ,유망,7.89,KOTRA
330499,우크라이나,,유망,10.07,KOTRA
330499,이라크,IQ,유망,7.87,KOTRA
330499,이란,,유망,3.04,KOTRA
330499,이스라엘,,유망,5.97,KOTRA
330499,이집트,EG,유망,4.09,KOTRA
330499,이탈리아,IT,유망,7.98,KOTRA
330499,인도,IN,유망,7.79,KOTRA
330499,인도네시아,ID,유망,10.56,KOTRA
330499,일본,JP,유망,18.78,KOTRA
330499,자메이카,,유망,3.79,KOTRA
330499,잠비아,,유망,4.48,KOTRA
330499,조지아,,유망,5.47,KOTRA
330499,중국,CN,유망,18.87,KOTRA
330499,중앙아프리카공화국,,유망,1.94,KOTRA
330499,지부티,,유망,2.88,KOTRA
330499,지브롤터,,유망,3.48,KOTRA
330499,엘살바도르,,유망,5.81,KOTRA
330499,에티오피아,,유망,3.55,KOTRA
330499,에콰도르,,유망,6.59,KOTRA
330499,소말리아,,유망,4.28,KOTRA
330499,수단,,유망,1.04,KOTRA
330499,수리남,,유망,3.78,KOTRA
330499,스리랑카,,유망,6.67,KOTRA
330499,스와질란드,,유망,2.91,KOTRA
330499,스웨덴,,유망,7.53,KOTRA
330499,스위스,,유망,9.07,KOTRA
330499,스페인,ES,유망,7.87,KOTRA
330499,슬로바키아,,유망,6.51,KOTRA
330499,슬로베니아,,유망,4.5,KOTRA
330499,시리아,,유망,2.29,KOTRA
330499,시에라리온,,유망,3.11,KOTRA
330499,싱가포르,SG,유망,14.94,KOTRA
330499,아랍에미리트,AE,유망,13.83,KOTRA
330499,아루바,,유망,2.73,KOTRA
330499,아르메니아,,유망,4.68,KOTRA
330499,아르헨티나,,유망,5.06,KOTRA
330499,아이슬란드,,유망,5.06,KOTRA
330499,아일랜드,,유망,5.84,KOTRA
330499,아제르바이잔,,유망,8.08,KOTRA
330499,아프가니스탄,,유망,3.19,KOTRA
330499,알바니아,,유망,5.91,KOTRA
330499,알제리,,유망,6.32,KOTRA
330499,앙골라,,유망,4.15,KOTRA
330499,에스토니아,,유망,7.05,KOTRA
330499,독일,DE,유망,10.37,KOTRA
330499,도미니카공화국,,유망,5.59,KOTRA
330499,이란,,성장,3.93,KOTRA
330499,이스라엘,,성장,8.3,KOTRA
330499,이집트,EG,성장,5.09,KOTRA
330499,이탈리아,IT,성장,12.24,KOTRA
330499,인도,IN,성장,11.62,KOTRA
330499,인도네시아,ID,성장,16.7,KOTRA
330499,일본,JP,성장,28.18,KOTRA
330499,자메이카,,성장,4.55,KOTRA
330499,잠비아,,성장,5.81,KOTRA
330499,조지아,,성장,7.9,KOTRA
330499,중국,CN,성장,31.05,KOTRA
330499,중앙아프리카공화국,,성장,2.44,KOTRA
330499,지부티,,성장,3.64,KOTRA
330499,지브롤터,,성장,4.38,KOTRA
330499,짐바브웨,,성장,6.64,KOTRA
330499,체코,,성장,13.8,KOTRA
330499,칠레,CL,성장,10.19,KOTRA
330499,카메룬,,성장,3.94,KOTRA
330499,카자흐스탄,KZ,성장,13.95,KOTRA
330499,카타르,QA,성장,10.74,KOTRA
330499,캄보디아,KH,성장,14.98,KOTRA
330499,캐나다,CA,성장,18.86,KOTRA
330499,케냐,,성장,6.4,KOTRA
330499,코스타리카,,성장,6.2,KOTRA
330499,코트디부아르,,성장,3.45,KOTRA
330499,이라크,IQ,성장,11.47,KOTRA
330499,우크라이나,,성장,16.25,KOTRA
330499,우즈베키스탄,UZ,성장,11.07,KOTRA
330499,시에라리온,,성장,3.86,KOTRA
330499,싱가포르,SG,성장,21.92,KOTRA
330499,아랍에미리트,AE,성장,21.61,KOTRA
330499,아루바,,성장,3.58,KOTRA
330499,아르메니아,,성장,6.38,KOTRA
330499,아르헨티나,,성장,6.85,KOTRA
330499,아이슬란드,,성장,6.54,KOTRA
330499,아일랜드,,성장,7.92,KOTRA
330499,아제르바이잔,,성장,11.42,KOTRA
330499,아프가니스탄,,성장,3.98,KOTRA
330499,알바니아,,성장,8.34,KOTRA
330499,알제리,,성장,8.29,KOTRA
330499,앙골라,,성장,5.16,KOTRA
330499,에스토니아,,성장,9.94,KOTRA
330499,에콰도르,,성장,8.56,KOTRA
330499,에티오피아,,성장,4.54,KOTRA
330499,엘살바도르,,성장,6.87,KOTRA
330499,영국,GB,성장,19.19,KOTRA
330499,예멘,,성장,6.48,KOTRA
330499,오만,OM,성장,8.7,KOTRA
330499,오스트리아,,성장,6.9,KOTRA
330499,온두라스,,성장,4.01,KOTRA
330499,요르단,,성장,6.82,KOTRA
330499,우간다,,성장,6.01,KOTRA
330499,우루과이,,성장,6.19,KOTRA
330499,콜롬비아,,성장,8.26,KOTRA
330499,콩고,,성장,5.85,KOTRA
330499,필리핀,PH,성장,16.05,KOTRA
330499,헝가리,,성장,9.8,KOTRA
330499,호주,AU,성장,19.41,KOTRA
330499,홍콩,HK,성장,28.01,KOTRA
330499,가나,,유망,4.03,KOTRA
330499,가봉,,유망,5.42,KOTRA
330499,가이아나,,유망,5.08,KOTRA
330499,과테말라,,유망,4.42,KOTRA
330499,괌,GU,유망,5.08,KOTRA
330499,그리스,,유망,6.84,KOTRA
330499,기니,,유망,3.34,KOTRA
330499,기타국,,유망,4.37,KOTRA
330499,나미비아,,유망,1.95,KOTRA
330499,나이지리아,,유망,6.01,KOTRA
330499,남극,,유망,3.55,KOTRA
330499,남아프리카공화국,ZA,유망,5.99,KOTRA
330499,네덜란드,NL,유망,7.29,KOTRA
330499,네팔,,유망,5.55,KOTRA
330499,노르웨이,,유망,7.73,KOTRA
330499,뉴질랜드,,유망,6.85,KOTRA
330499,뉴캘러도니아,,유망,3.48,KOTRA
330499,니제르,,유망,1.94,KOTRA
330499,니카라과,,유망,3.22,KOTRA
330499,대만,TW,유망,15.77,KOTRA
330499,덴마크,,유망,5.65,KOTRA
330499,핀란드,,성장,8.94,KOTRA
330499,피지,,성장,6.23,KOTRA
330499,프랑스,FR,성장,13.5,KOTRA
330499,콩고민주공화국,,성장,4.81,KOTRA
330499,쿠바,,성장,3.79,KOTRA
330499,쿠웨이트,KW,성장,11.83,KOTRA
330499,큐라소,,성장,6.07,KOTRA
330499,크로아티아,,성장,8.38,KOTRA
330499,키르기즈스탄,,성장,11.6,KOTRA
330499,키프로스,,성장,9.22,KOTRA
330499,타지키스탄,,성장,5.66,KOTRA
330499,탄자니아,,성장,5.96,KOTRA
330499,태국,TH,성장,21.03,KOTRA
330499,토고,,성장,4.47,KOTRA
330499,투르크메니스탄,,성장,6.33,KOTRA
330499,튀니지,,성장,6.07,KOTRA
330499,튀르키예,,성장,16.19,KOTRA
330499,트리니다드토바고,,성장,5.58,KOTRA
330499,파나마,,성장,6.89,KOTRA
330499,파라과이,,성장,5.14,KOTRA
330499,파키스탄,,성장,7.93,KOTRA
330499,파푸아뉴기니,,성장,5.31,KOTRA
330499,팔레스타인,,성장,3.1,KOTRA
330499,페루,PE,성장,8.12,KOTRA
330499,포르투갈,,성장,7.01,KOTRA
330499,폴란드,PL,성장,15.67,KOTRA
330499,폴리네시아(프),,성장,6.29,KOTRA
330499,푸에르토리코,,성장,5.29,KOTRA
330499,짐바브웨,,유망,5.36,KOTRA
330499,체코,,유망,9.01,KOTRA
330499,아이슬란드,,초보,4.33,KOTRA
330499,아일랜드,,초보,4.36,KOTRA
330499,아제르바이잔,,초보,6.38,KOTRA
330499,아프가니스탄,,초보,2.49,KOTRA
330499,알바니아,,초보,4.93,KOTRA
330499,알제리,,초보,4.87,KOTRA
330499,앙골라,,초보,3.39,KOTRA
330499,에스토니아,,초보,4.97,KOTRA
330499,에콰도르,,초보,5.01,KOTRA
330499,에티오피아,,초보,2.76,KOTRA
330499,엘살바도르,,초보,4.92,KOTRA
330499,영국,GB,초보,6.23,KOTRA
330499,예멘,,초보,4.23,KOTRA
330499,오만,OM,초보,4.63,KOTRA
330499,오스트리아,,초보,3.64,KOTRA
330499,온두라스,,초보,2.52,KOTRA
330499,요르단,,초보,3.96,KOTRA
330499,우간다,,초보,3.64,KOTRA
330499,우루과이,,초보,3.67,KOTRA
330499,우즈베키스탄,UZ,초보,5.97,KOTRA
330499,우크라이나,,초보,6.3,KOTRA
330499,이라크,IQ,초보,5.61,KOTRA
330499,이란,,초보,2.42,KOTRA
330499,이스라엘,,초보,4.93,KOTRA
330499,이집트,EG,초보,3.38,KOTRA
330499,아르헨티나,,초보,3.98,KOTRA
330499,아르메니아,,초보,3.46,KOTRA
330499,아루바,,초보,2.34,KOTRA
330499,부르키나파소,,초보,2.66,KOTRA
330499,부탄,,초보,4.07,KOTRA
330499,북마리아나제도,,초보,3.13,KOTRA
330499,불가리아,,초보,5.42,KOTRA
330499,브라질,BR,초보,5.74,KOTRA
330499,브루나이,,초보,4.09,KOTRA
330499,사모아 (서사모아),,초보,2.52,KOTRA
330499,사우디아라비아,SA,초보,5.04,KOTRA
330499,세네갈,,초보,2.73,KOTRA
330499,세르비아,,초보,3.75,KOTRA
330499,세이셸,,초보,4.12,KOTRA
330499,소말리아,,초보,3.51,KOTRA
330499,수단,,초보,0.81,KOTRA
330499,수리남,,초보,3.1,KOTRA
330499,스리랑카,,초보,5.16,KOTRA
330499,스와질란드,,초보,2.36,KOTRA
330499,스웨덴,,초보,5.48,KOTRA
330499,스위스,,초보,6.44,KOTRA
330499,스페인,ES,초보,5.24,KOTRA
330499,슬로바키아,,초보,4.68,KOTRA
330499,슬로베니아,,초보,3.41,KOTRA
330499,시리아,,초보,1.89,KOTRA
330499,시에라리온,,초보,2.6,KOTRA
330499,싱가포르,SG,초보,9.64,KOTRA
330499,아랍에미리트,AE,초보,8.09,KOTRA
330499,이탈리아,IT,초보,5.46,KOTRA
330499,인도,IN,초보,5.54,KOTRA
330499,키프로스,,초보,5.25,KOTRA
330499,타지키스탄,,초보,3.37,KOTRA
330499,탄자니아,,초보,3.43,KOTRA
330499,태국,TH,초보,8.51,KOTRA
330499,토고,,초보,2.85,KOTRA
330499,투르크메니스탄,,초보,4.25,KOTRA
330499,튀니지,,초보,3.79,KOTRA
330499,튀르키예,,초보,6.23,KOTRA
330499,트리니다드토바고,,초보,4.15,KOTRA
330499,파나마,,초보,3.9,KOTRA
330499,파라과이,,초보,2.99,KOTRA
330499,파키스탄,,초보,4.46,KOTRA
330499,파푸아뉴기니,,초보,3.44,KOTRA
330499,팔레스타인,,초보,1.88,KOTRA
330499,페루,PE,초보,4.08,KOTRA
330499,포르투갈,,초보,3.58,KOTRA
330499,폴란드,PL,초보,5.46,KOTRA
330499,폴리네시아(프),,초보,4.81,KOTRA
330499,푸에르토리코,,초보,3.44,KOTRA
330499,프랑스,FR,초보,5.82,KOTRA
330499,피지,,초보,3.87,KOTRA
330499,핀란드,,초보,4.51,KOTRA
330499,필리핀,PH,초보,7.24,KOTRA
330499,헝가리,,초보,4.76,KOTRA
870830,가나,,내수,0.76,KOTRA
870830,바레인,,유망,3.07,KOTRA
870830,바하마,,유망,1.8,KOTRA
870830,방글라데시,BD,유망,2.76,KOTRA
870830,베네수엘라,,유망,2.46,KOTRA
870830,베트남,VN,유망,5.58,KOTRA
870830,벨기에,,유망,3.17,KOTRA
870830,벨라루스,,유망,2.5,KOTRA
870830,볼리비아,,유망,2.18,KOTRA
870830,부탄,,유망,2.05,KOTRA
870830,북마리아나제도,,유망,2.12,KOTRA
870830,불가리아,,유망,3.48,KOTRA
870830,브라질,BR,유망,4.2,KOTRA
870830,브루나이,,유망,2.53,KOTRA
870830,사우디아라비아,SA,유망,3.99,KOTRA
870830,세네갈,,유망,2.17,KOTRA
870830,세르비아,,유망,2.89,KOTRA
870830,세이셸,,유망,2.16,KOTRA
870830,세인트루시아,,유망,2.32,KOTRA
870830,솔로몬,,유망,2.21,KOTRA
870830,수단,,유망,0.55,KOTRA
870830,바누아투,,유망,2.43,KOTRA
870830,미얀마,MM,유망,2.11,KOTRA
870830,러시아연방,,유망,4.41,KOTRA
870830,레바논,,유망,3.74,KOTRA
870830,루마니아,,유망,3.64,KOTRA
870830,리비아,,유망,2.9,KOTRA
870830,리투아니아,,유망,3.5,KOTRA
870830,마다가스카르,,유망,2.6,KOTRA
870830,마르티니끄,,유망,2.94,KOTRA
870830,마샬 제도,,유망,2.33,KOTRA
870830,마카오,,유망,1.69,KOTRA
870830,말레이시아,MY,유망,4.66,KOTRA
870830,멕시코,MX,유망,4.59,KOTRA
870830,모로코,,유망,2.27,KOTRA
870830,모리셔스,,유망,3.12,KOTRA
870830,모잠비크,,유망,2.32,KOTRA
870830,몰다비아,,유망,2.65,KOTRA
870830,몰디브,,유망,1.78,KOTRA
870830,몰타,,유망,2.36,KOTRA
870830,몽골,MN,유망,3.41,KOTRA
870830,미국,US,유망,9.53,KOTRA
870830,미국령사모아,,유망,1.83,KOTRA
870830,스리랑카,,유망,2.49,KOTRA
870830,스웨덴,,유망,3.7,KOTRA
870830,요르단,,유망,3.76,KOTRA
870830,우간다,,유망,1.61,KOTRA
870830,우루과이,,유망,3.13,KOTRA
870830,우즈베키스탄,UZ,유망,5.86,KOTRA
870830,우크라이나,,유망,2.85,KOTRA
870830,이라크,IQ,유망,5.41,KOTRA
870830,이란,,유망,2.97,KOTRA
870830,이스라엘,,유망,4.14,KOTRA
870830,이집트,EG,유망,4.57,KOTRA
870830,이탈리아,IT,유망,3.89,KOTRA
870830,인도,IN,유망,3.92,KOTRA
870830,인도네시아,ID,유망,5.24,KOTRA
870830,일본,JP,유망,5.24,KOTRA
870830,조지아,,유망,2.52,KOTRA
870830,중국,CN,유망,8.15,KOTRA
870830,중앙아프리카공화국,,유망,1.41,KOTRA
870830,체코,,유망,3.56,KOTRA
870830,칠레,CL,유망,3.84,KOTRA
870830,카자흐스탄,KZ,유망,3.4,KOTRA
870830,카타르,QA,유망,2.49,KOTRA
870830,온두라스,,유망,3.53,KOTRA
870830,오스트리아,,유망,2.32,KOTRA
870830,스위스,,유망,4.05,KOTRA
870830,스페인,ES,유망,3.68,KOTRA
870830,슬로바키아,,유망,3.45,KOTRA
870830,슬로베니아,,유망,2.61,KOTRA
870830,시리아,,유망,1.34,KOTRA
870830,싱가포르,SG,유망,4.33,KOTRA
870830,아랍에미리트,AE,유망,6.25,KOTRA
870830,아루바,,유망,2.09,KOTRA
870830,아르헨티나,,유망,2.77,KOTRA
870830,아이슬란드,,유망,2.64,KOTRA
870830,아일랜드,,유망,2.96,KOTRA
870830,아제르바이잔,,유망,3.46,KOTRA
870830,알바니아,,유망,3.14,KOTRA
870830,알제리,,유망,3.28,KOTRA
870830,에스토니아,,유망,2.79,KOTRA
870830,에콰도르,,유망,4.13,KOTRA
870830,엘살바도르,,유망,2.93,KOTRA
870830,영국,GB,유망,3.94,KOTRA
870830,예멘,,유망,2.66,KOTRA
870830,오만,OM,유망,2.63,KOTRA
870830,라트비아,,유망,2.71,KOTRA
870830,라오스,LA,유망,1.91,KOTRA
870830,독일,DE,유망,4.53,KOTRA
870830,이탈리아,IT,성장,4.27,KOTRA
870830,인도,IN,성장,6.92,KOTRA
870830,인도네시아,ID,성장,6.1,KOTRA
870830,일본,JP,성장,8.72,KOTRA
870830,조지아,,성장,2.63,KOTRA
870830,중국,CN,성장,9.83,KOTRA
870830,중앙아프리카공화국,,성장,1.46,KOTRA
870830,체코,,성장,5.52,KOTRA
870830,칠레,CL,성장,6.02,KOTRA
870830,카자흐스탄,KZ,성장,4.89,KOTRA
870830,카타르,QA,성장,2.61,KOTRA
870830,캄보디아,KH,성장,2.93,KOTRA
870830,캐나다,CA,성장,5.35,KOTRA
870830,케냐,,성장,2.22,KOTRA
870830,코스타리카,,성장,3.22,KOTRA
870830,코트디부아르,,성장,2.62,KOTRA
870830,콜롬비아,,성장,3.38,KOTRA
870830,콩고민주공화국,,성장,1.71,KOTRA
870830,쿠바,,성장,1.81,KOTRA
870830,쿠웨이트,KW,성장,3.45,KOTRA
870830,이집트,EG,성장,6.31,KOTRA
870830,이스라엘,,성장,5.03,KOTRA
870830,아이슬란드,,성장,2.44,KOTRA
870830,아일랜드,,성장,3.06,KOTRA
870830,아제르바이잔,,성장,3.05,KOTRA
870830,알바니아,,성장,2.95,KOTRA
870830,알제리,,성장,3.65,KOTRA
870830,에스토니아,,성장,2.57,KOTRA
870830,에콰도르,,성장,4.37,KOTRA
870830,엘살바도르,,성장,3.49,KOTRA
870830,영국,GB,성장,5.1,KOTRA
870830,예멘,,성장,2.88,KOTRA
870830,오만,OM,성장,2.7,KOTRA
870830,오스트리아,,성장,2.53,KOTRA
870830,온두라스,,성장,3.38,KOTRA
870830,요르단,,성장,6.11,KOTRA
870830,우간다,,성장,1.77,KOTRA
870830,우루과이,,성장,3.11,KOTRA
870830,우즈베키스탄,UZ,성장,7.03,KOTRA
870830,우크라이나,,성장,3.64,KOTRA
870830,이라크,IQ,성장,7.12,KOTRA
870830,이란,,성장,2.89,KOTRA
870830,큐라소,,성장,2.88,KOTRA
870830,크로아티아,,성장,2.55,KOTRA
870830,필리핀,PH,성장,4.68,KOTRA
870830,헝가리,,성장,3.03,KOTRA
870830,호주,AU,성장,5.22,KOTRA
870830,홍콩,HK,성장,4.73,KOTRA
870830,가나,,유망,1.93,KOTRA
870830,과테말라,,유망,3.16,KOTRA
870830,괌,GU,유망,2.47,KOTRA
870830,그리스,,유망,3.32,KOTRA
870830,기타국,,유망,2.05,KOTRA
870830,나이지리아,,유망,2.55,KOTRA
870830,남아프리카공화국,ZA,유망,3.5,KOTRA
870830,네덜란드,NL,유망,3.63,KOTRA
870830,네팔,,유망,2.47,KOTRA
870830,노르웨이,,유망,3.4,KOTRA
870830,뉴질랜드,,유망,2.81,KOTRA
870830,뉴캘러도니아,,유망,2.03,KOTRA
870830,니카라과,,유망,2.55,KOTRA
870830,대만,TW,유망,4.49,KOTRA
870830,덴마크,,유망,3.35,KOTRA
870830,도미니카공화국,,유망,2.72,KOTRA
870830,핀란드,,성장,2.85,KOTRA
870830,피지,,성장,2.35,KOTRA
870830,키르기즈스탄,,성장,7.14,KOTRA
870830,키프로스,,성장,2.85,KOTRA
870830,타지키스탄,,성장,3.83,KOTRA
870830,탄자니아,,성장,2.31,KOTRA
870830,태국,TH,성장,4.97,KOTRA
870830,투르크메니스탄,,성장,2.57,KOTRA
870830,튀니지,,성장,2.5,KOTRA
870830,튀르키예,,성장,5.2,KOTRA
870830,트리니다드토바고,,성장,3.07,KOTRA
870830,파나마,,성장,3.55,KOTRA
870830,파라과이,,성장,3.13,KOTRA
870830,파키스탄,,성장,3.38,KOTRA
870830,파푸아뉴기니,,성장,1.87,KOTRA
870830,팔레스타인,,성장,2.05,KOTRA
870830,페루,PE,성장,4.56,KOTRA
870830,포르투갈,,성장,3.25,KOTRA
870830,폴란드,PL,성장,5.41,KOTRA
870830,폴리네시아(프),,성장,2.47,KOTRA
870830,푸에르토리코,,성장,3.24,KOTRA
870830,프랑스,FR,성장,3.9,KOTRA
870830,캄보디아,KH,유망,2.8,KOTRA
870830,캐나다,CA,유망,5.55,KOTRA
870830,케냐,,유망,2.0,KOTRA
870830,에스토니아,,초보,2.28,KOTRA
870830,에콰도르,,초보,3.24,KOTRA
870830,엘살바도르,,초보,2.92,KOTRA
870830,영국,GB,초보,2.9,KOTRA
870830,예멘,,초보,2.67,KOTRA
870830,오만,OM,초보,2.31,KOTRA
870830,오스트리아,,초보,2.04,KOTRA
870830,온두라스,,초보,2.81,KOTRA
870830,요르단,,초보,2.64,KOTRA
870830,우간다,,초보,1.55,KOTRA
870830,우루과이,,초보,2.71,KOTRA
870830,우즈베키스탄,UZ,초보,2.91,KOTRA
870830,우크라이나,,초보,2.66,KOTRA
870830,이라크,IQ,초보,3.53,KOTRA
870830,이란,,초보,2.39,KOTRA
870830,이스라엘,,초보,3.67,KOTRA
870830,이집트,EG,초보,3.71,KOTRA
870830,이탈리아,IT,초보,3.01,KOTRA
870830,인도,IN,초보,3.84,KOTRA
870830,인도네시아,ID,초보,4.02,KOTRA
870830,알제리,,초보,2.79,KOTRA
870830,알바니아,,초보,2.91,KOTRA
870830,세네갈,,초보,2.11,KOTRA
870830,세르비아,,초보,2.57,KOTRA
870830,세이셸,,초보,1.97,KOTRA
870830,세인트루시아,,초보,2.34,KOTRA
870830,솔로몬,,초보,2.3,KOTRA
870830,수단,,초보,0.54,KOTRA
870830,스리랑카,,초보,2.27,KOTRA
870830,스웨덴,,초보,2.99,KOTRA
870830,스위스,,초보,2.75,KOTRA
870830,스페인,ES,초보,2.82,KOTRA
870830,슬로바키아,,초보,2.91,KOTRA
870830,슬로베니아,,초보,2.2,KOTRA
870830,시리아,,초보,1.32,KOTRA
870830,싱가포르,SG,초보,4.03,KOTRA
870830,아랍에미리트,AE,초보,3.68,KOTRA
870830,아루바,,초보,2.15,KOTRA
870830,아르헨티나,,초보,2.42,KOTRA
870830,아이슬란드,,초보,2.54,KOTRA
870830,아일랜드,,초보,2.5,KOTRA
870830,아제르바이잔,,초보,2.92,KOTRA
870830,일본,JP,초보,9.55,KOTRA
870830,조지아,,초보,2.51,KOTRA
870830,투르크메니스탄,,초보,2.42,KOTRA
870830,튀니지,,초보,2.2,KOTRA
870830,튀르키예,,초보,3.03,KOTRA
870830,트리니다드토바고,,초보,3.25,KOTRA
870830,파나마,,초보,2.79,KOTRA
870830,파라과이,,초보,2.35,KOTRA
870830,파키스탄,,초보,3.95,KOTRA
870830,파푸아뉴기니,,초보,1.63,KOTRA
870830,팔레스타인,,초보,1.56,KOTRA
870830,페루,PE,초보,3.58,KOTRA
870830,포르투갈,,초보,2.61,KOTRA
870830,폴란드,PL,초보,2.82,KOTRA
870830,폴리네시아(프),,초보,2.59,KOTRA
870830,푸에르토리코,,초보,3.05,KOTRA
870830,프랑스,FR,초보,2.96,KOTRA
870830,피지,,초보,2.06,KOTRA
870830,핀란드,,초보,2.47,KOTRA
870830,필리핀,PH,초보,3.98,KOTRA
870830,헝가리,,초보,2.29,KOTRA
870830,호주,AU,초보,3.9,KOTRA
870830,태국,TH,초보,4.45,KOTRA
870830,탄자니아,,초보,1.96,KOTRA
870830,중국,CN,초보,6.04,KOTRA
870830,중앙아프리카공화국,,초보,1.44,KOTRA
870830,체코,,초보,2.97,KOTRA
870830,칠레,CL,초보,3.1,KOTRA
870830,카자흐스탄,KZ,초보,2.65,KOTRA
870830,카타르,QA,초보,2.05,KOTRA
870830,캄보디아,KH,초보,2.75,KOTRA
870830,캐나다,CA,초보,3.7,KOTRA
870830,케냐,,초보,1.98,KOTRA
870830,코스타리카,,초보,2.87,KOTRA
870830,코트디부아르,,초보,2.14,KOTRA
870830,콜롬비아,,초보,2.9,KOTRA
870830,콩고민주공화국,,초보,1.57,KOTRA
870830,쿠바,,초보,1.65,KOTRA
870830,쿠웨이트,KW,초보,3.41,KOTRA
870830,큐라소,,초보,2.7,KOTRA
870830,크로아티아,,초보,2.36,KOTRA
870830,키르기즈스탄,,초보,2.79,KOTRA
870830,키프로스,,초보,2.6,KOTRA
870830,타지키스탄,,초보,2.83,KOTRA
870830,사우디아라비아,SA,초보,2.72,KOTRA
870830,브루나이,,초보,2.16,KOTRA
870830,브라질,BR,초보,3.6,KOTRA
870830,페루,PE,유망,3.43,KOTRA
870830,포르투갈,,유망,3.19,KOTRA
870830,폴란드,PL,유망,3.83,KOTRA
870830,폴리네시아(프),,유망,2.57,KOTRA
870830,푸에르토리코,,유망,3.19,KOTRA
870830,프랑스,FR,유망,4.94,KOTRA
870830,피지,,유망,2.16,KOTRA
870830,핀란드,,유망,3.05,KOTRA
870830,필리핀,PH,유망,4.18,KOTRA
870830,헝가리,,유망,3.04,KOTRA
870830,호주,AU,유망,5.25,KOTRA
870830,홍콩,HK,유망,3.59,KOTRA
870830,가나,,초보,1.83,KOTRA
870830,과테말라,,초보,2.82,KOTRA
870830,괌,GU,초보,2.22,KOTRA
870830,그리스,,초보,2.74,KOTRA
870830,기타국,,초보,2.07,KOTRA
870830,나이지리아,,초보,2.66,KOTRA
870830,남아프리카공화국,ZA,초보,2.76,KOTRA
870830,네덜란드,NL,초보,2.75,KOTRA
870830,팔레스타인,,유망,1.55,KOTRA
870830,파푸아뉴기니,,유망,1.68,KOTRA
870830,코스타리카,,유망,3.91,KOTRA
870830,코트디부아르,,유망,2.06,KOTRA
870830,콜롬비아,,유망,4.4,KOTRA
870830,콩고민주공화국,,유망,1.58,KOTRA
870830,쿠바,,유망,1.63,KOTRA
870830,쿠웨이트,KW,유망,3.12,KOTRA
870830,큐라소,,유망,2.69,KOTRA
870830,크로아티아,,유망,2.73,KOTRA
870830,키르기즈스탄,,유망,3.73,KOTRA
870830,키프로스,,유망,3.16,KOTRA
210690,가나,,내수,1.37,KOTRA
210690,미국,US,유망,16.3,KOTRA
210690,미국령사모아,,유망,2.08,KOTRA
210690,미얀마,MM,유망,3.22,KOTRA
210690,바누아투,,유망,3.24,KOTRA
210690,바레인,,유망,3.44,KOTRA
210690,바베이도스,,유망,2.44,KOTRA
210690,방글라데시,BD,유망,3.12,KOTRA
210690,베냉,,유망,2.22,KOTRA
210690,베네수엘라,,유망,2.73,KOTRA
210690,베트남,VN,유망,15.88,KOTRA
210690,벨기에,,유망,2.84,KOTRA
210690,보스니아 헤르체고비나,,유망,2.26,KOTRA
210690,볼리비아,,유망,2.56,KOTRA
210690,부르키나파소,,유망,2.25,KOTRA
210690,부탄,,유망,2.85,KOTRA
210690,북마리아나제도,,유망,2.63,KOTRA
210690,불가리아,,유망,3.55,KOTRA
210690,브라질,BR,유망,3.98,KOTRA
210690,브루나이,,유망,2.9,KOTRA
210690,사모아 (서사모아),,유망,2.43,KOTRA
210690,사우디아라비아,SA,유망,3.26,KOTRA
210690,세네갈,,유망,2.78,KOTRA
210690,몽골,MN,유망,7.6,KOTRA
210690,몰타,,유망,2.45,KOTRA
210690,몰디브,,유망,2.57,KOTRA
210690,라트비아,,유망,3.01,KOTRA
210690,러시아연방,,유망,5.06,KOTRA
210690,레바논,,유망,2.58,KOTRA
210690,루마니아,,유망,3.58,KOTRA
210690,룩셈부르크,,유망,2.49,KOTRA
210690,르완다,,유망,1.97,KOTRA
210690,리비아,,유망,2.31,KOTRA
210690,리투아니아,,유망,3.35,KOTRA
210690,마다가스카르,,유망,2.72,KOTRA
210690,마르티니끄,,유망,3.29,KOTRA
210690,마샬 제도,,유망,2.6,KOTRA
210690,마카오,,유망,3.13,KOTRA
210690,마케도니아,,유망,2.89,KOTRA
210690,마크로네시아,,유망,1.91,KOTRA
210690,말레이시아,MY,유망,8.39,KOTRA
210690,멕시코,MX,유망,4.56,KOTRA
210690,모로코,,유망,2.76,KOTRA
210690,모리셔스,,유망,3.86,KOTRA
210690,모리타니아,,유망,2.83,KOTRA
210690,모잠비크,,유망,2.4,KOTRA
210690,몬테네그로,,유망,2.22,KOTRA
210690,몰다비아,,유망,3.19,KOTRA
210690,세르비아,,유망,2.51,KOTRA
210690,세이셸,,유망,2.73,KOTRA
210690,영국,GB,유망,4.38,KOTRA
210690,예멘,,유망,2.54,KOTRA
210690,오만,OM,유망,3.33,KOTRA
210690,오스트리아,,유망,2.53,KOTRA
210690,온두라스,,유망,2.64,KOTRA
210690,요르단,,유망,1.96,KOTRA
210690,우간다,,유망,2.31,KOTRA
210690,우루과이,,유망,2.76,KOTRA
210690,우즈베키스탄,UZ,유망,3.11,KOTRA
210690,우크라이나,,유망,3.79,KOTRA
210690,이라크,IQ,유망,3.08,KOTRA
210690,이란,,유망,2.75,KOTRA
210690,이스라엘,,유망,3.91,KOTRA
210690,이집트,EG,유망,3.99,KOTRA
210690,이탈리아,IT,유망,3.73,KOTRA
210690,인도,IN,유망,3.95,KOTRA
210690,인도네시아,ID,유망,5.21,KOTRA
210690,일본,JP,유망,10.92,KOTRA
210690,잠비아,,유망,2.59,KOTRA
210690,조지아,,유망,2.16,KOTRA
210690,중국,CN,유망,10.32,KOTRA
210690,지부티,,유망,1.66,KOTRA
210690,엘살바도르,,유망,2.98,KOTRA
210690,에티오피아,,유망,1.71,KOTRA
210690,에콰도르,,유망,3.84,KOTRA
210690,소말리아,,유망,2.3,KOTRA
210690,솔로몬,,유망,2.69,KOTRA
210690,수단,,유망,0.81,KOTRA
210690,스리랑카,,유망,3.61,KOTRA
210690,스와질란드,,유망,2.37,KOTRA
210690,스웨덴,,유망,3.43,KOTRA
210690,스위스,,유망,3.67,KOTRA
210690,스페인,ES,유망,3.94,KOTRA
210690,슬로바키아,,유망,2.68,KOTRA
210690,슬로베니아,,유망,2.72,KOTRA
210690,싱가포르,SG,유망,10.37,KOTRA
210690,아랍에미리트,AE,유망,4.64,KOTRA
210690,아르메니아,,유망,2.47,KOTRA
210690,아르헨티나,,유망,3.09,KOTRA
210690,아이슬란드,,유망,2.51,KOTRA
210690,아일랜드,,유망,3.1,KOTRA
210690,아제르바이잔,,유망,2.81,KOTRA
210690,아프가니스탄,,유망,2.49,KOTRA
210690,알바니아,,유망,3.77,KOTRA
210690,알제리,,유망,2.33,KOTRA
210690,앙골라,,유망,2.23,KOTRA
210690,에스토니아,,유망,2.55,KOTRA
210690,라오스,LA,유망,2.53,KOTRA
210690,독일,DE,유망,5.21,KOTRA
210690,도미니카공화국,,유망,2.38,KOTRA
210690,이라크,IQ,성장,3.08,KOTRA
210690,이란,,성장,2.89,KOTRA
210690,이스라엘,,성장,3.98,KOTRA
210690,이집트,EG,성장,3.8,KOTRA
210690,이탈리아,IT,성장,4.59,KOTRA
210690,인도,IN,성장,4.71,KOTRA
210690,인도네시아,ID,성장,7.17,KOTRA
210690,일본,JP,성장,12.13,KOTRA
210690,잠비아,,성장,2.73,KOTRA
210690,조지아,,성장,2.34,KOTRA
210690,중국,CN,성장,15.17,KOTRA
210690,지부티,,성장,1.74,KOTRA
210690,지브롤터,,성장,2.32,KOTRA
210690,짐바브웨,,성장,2.61,KOTRA
210690,체코,,성장,4.34,KOTRA
210690,칠레,CL,성장,4.07,KOTRA
210690,카메룬,,성장,2.29,KOTRA
210690,카자흐스탄,KZ,성장,5.82,KOTRA
210690,카타르,QA,성장,3.63,KOTRA
210690,캄보디아,KH,성장,5.28,KOTRA
210690,캐나다,CA,성장,8.21,KOTRA
210690,케냐,,성장,3.33,KOTRA
210690,우크라이나,,성장,4.23,KOTRA
210690,우즈베키스탄,UZ,성장,3.89,KOTRA
210690,우루과이,,성장,3.07,KOTRA
210690,싱가포르,SG,성장,10.78,KOTRA
210690,아랍에미리트,AE,성장,5.93,KOTRA
210690,아르메니아,,성장,2.54,KOTRA
210690,아르헨티나,,성장,3.38,KOTRA
210690,아이슬란드,,성장,2.61,KOTRA
210690,아일랜드,,성장,3.54,KOTRA
210690,아제르바이잔,,성장,2.82,KOTRA
210690,아프가니스탄,,성장,2.67,KOTRA
210690,알바니아,,성장,3.74,KOTRA
210690,알제리,,성장,2.43,KOTRA
210690,앙골라,,성장,2.23,KOTRA
210690,에스토니아,,성장,2.61,KOTRA
210690,에콰도르,,성장,4.24,KOTRA
210690,에티오피아,,성장,1.8,KOTRA
210690,엘살바도르,,성장,3.02,KOTRA
210690,영국,GB,성장,6.43,KOTRA
210690,예멘,,성장,2.62,KOTRA
210690,오만,OM,성장,3.46,KOTRA
210690,오스트리아,,성장,3.04,KOTRA
210690,온두라스,,성장,2.77,KOTRA
210690,요르단,,성장,2.01,KOTRA
210690,우간다,,성장,2.4,KOTRA
210690,코스타리카,,성장,2.85,KOTRA
210690,코트디부아르,,성장,2.49,KOTRA
210690,필리핀,PH,성장,8.83,KOTRA
210690,헝가리,,성장,3.44,KOTRA
210690,호주,AU,성장,10.38,KOTRA
210690,홍콩,HK,성장,15.02,KOTRA
210690,가나,,유망,3.03,KOTRA
210690,과테말라,,유망,3.36,KOTRA
210690,괌,GU,유망,3.49,KOTRA
210690,그리스,,유망,3.46,KOTRA
210690,기니,,유망,2.73,KOTRA
210690,기타국,,유망,2.77,KOTRA
210690,나미비아,,유망,1.34,KOTRA
210690,나이지리아,,유망,3.8,KOTRA
210690,남극,,유망,2.52,KOTRA
210690,남아프리카공화국,ZA,유망,3.62,KOTRA
210690,네덜란드,NL,유망,4.01,KOTRA
210690,네팔,,유망,2.83,KOTRA
210690,노르웨이,,유망,2.63,KOTRA
210690,뉴질랜드,,유망,4.06,KOTRA
210690,뉴캘러도니아,,유망,2.55,KOTRA
210690,니제르,,유망,1.34,KOTRA
210690,대만,TW,유망,10.32,KOTRA
210690,덴마크,,유망,3.49,KOTRA
210690,핀란드,,성장,3.53,KOTRA
210690,피지,,성장,1.85,KOTRA
210690,프랑스,FR,성장,5.69,KOTRA
210690,콜롬비아,,성장,2.87,KOTRA
210690,콩고민주공화국,,성장,1.78,KOTRA
210690,쿠웨이트,KW,성장,3.74,KOTRA
210690,크로아티아,,성장,2.53,KOTRA
210690,키르기즈스탄,,성장,4.91,KOTRA
210690,키프로스,,성장,3.22,KOTRA
210690,타지키스탄,,성장,3.29,KOTRA
210690,탄자니아,,성장,2.78,KOTRA
210690,태국,TH,성장,10.2,KOTRA
210690,투르크메니스탄,,성장,2.98,KOTRA
210690,튀니지,,성장,2.51,KOTRA
210690,튀르키예,,성장,3.68,KOTRA
210690,트리니다드토바고,,성장,2.79,KOTRA
210690,파나마,,성장,2.99,KOTRA
210690,파라과이,,성장,2.81,KOTRA
210690,파키스탄,,성장,3.36,KOTRA
210690,팔라우,,성장,2.39,KOTRA
210690,페루,PE,성장,3.8,KOTRA
210690,포르투갈,,성장,3.71,KOTRA
210690,폴란드,PL,성장,3.86,KOTRA
210690,폴리네시아(프),,성장,2.46,KOTRA
210690,푸에르토리코,,성장,2.74,KOTRA
210690,지브롤터,,유망,2.33,KOTRA
210690,짐바브웨,,유망,2.4,KOTRA
210690,체코,,유망,3.83,KOTRA
210690,아제르바이잔,,초보,2.76,KOTRA
210690,아프가니스탄,,초보,2.18,KOTRA
210690,알바니아,,초보,3.63,KOTRA
210690,알제리,,초보,2.02,KOTRA
210690,앙골라,,초보,2.05,KOTRA
210690,에스토니아,,초보,2.09,KOTRA
210690,에콰도르,,초보,3.18,KOTRA
210690,에티오피아,,초보,1.49,KOTRA
210690,엘살바도르,,초보,2.74,KOTRA
210690,영국,GB,초보,3.62,KOTRA
210690,예멘,,초보,2.28,KOTRA
210690,오만,OM,초보,2.87,KOTRA
210690,오스트리아,,초보,2.15,KOTRA
210690,온두라스,,초보,2.24,KOTRA
210690,요르단,,초보,1.77,KOTRA
210690,우간다,,초보,1.98,KOTRA
210690,우루과이,,초보,2.31,KOTRA
210690,우즈베키스탄,UZ,초보,2.87,KOTRA
210690,우크라이나,,초보,3.06,KOTRA
210690,이라크,IQ,초보,2.78,KOTRA
210690,이란,,초보,2.49,KOTRA
210690,이스라엘,,초보,3.7,KOTRA
210690,아일랜드,,초보,2.67,KOTRA
210690,아이슬란드,,초보,2.46,KOTRA
210690,아르헨티나,,초보,2.65,KOTRA
210690,북마리아나제도,,초보,2.22,KOTRA
210690,불가리아,,초보,3.01,KOTRA
210690,브라질,BR,초보,3.59,KOTRA
210690,브루나이,,초보,2.52,KOTRA
210690,사모아 (서사모아),,초보,2.11,KOTRA
210690,사우디아라비아,SA,초보,2.85,KOTRA
210690,세네갈,,초보,2.47,KOTRA
210690,세르비아,,초보,2.11,KOTRA
210690,세이셸,,초보,2.3,KOTRA
210690,소말리아,,초보,2.09,KOTRA
210690,솔로몬,,초보,2.44,KOTRA
210690,수단,,초보,0.68,KOTRA
210690,스리랑카,,초보,3.2,KOTRA
210690,스와질란드,,초보,2.13,KOTRA
210690,스웨덴,,초보,2.88,KOTRA
210690,스위스,,초보,3.07,KOTRA
210690,스페인,ES,초보,3.27,KOTRA
210690,슬로바키아,,초보,2.25,KOTRA
210690,슬로베니아,,초보,2.38,KOTRA
210690,싱가포르,SG,초보,7.74,KOTRA
210690,아랍에미리트,AE,초보,3.71,KOTRA
210690,아르메니아,,초보,2.14,KOTRA
210690,이집트,EG,초보,3.68,KOTRA
210690,이탈리아,IT,초보,3.06,KOTRA
210690,타지키스탄,,초보,2.71,KOTRA
210690,탄자니아,,초보,2.3,KOTRA
210690,태국,TH,초보,4.79,KOTRA
210690,투르크메니스탄,,초보,2.61,KOTRA
210690,튀니지,,초보,2.17,KOTRA
210690,튀르키예,,초보,2.91,KOTRA
210690,트리니다드토바고,,초보,2.77,KOTRA
210690,파나마,,초보,2.52,KOTRA
210690,파라과이,,초보,2.32,KOTRA
210690,파키스탄,,초보,2.95,KOTRA
210690,팔라우,,초보,1.89,KOTRA
210690,페루,PE,초보,3.0,KOTRA
210690,포르투갈,,초보,2.85,KOTRA
210690,폴란드,PL,초보,2.64,KOTRA
210690,폴리네시아(프),,초보,2.41,KOTRA
210690,푸에르토리코,,초보,2.4,KOTRA
210690,프랑스,FR,초보,3.56,KOTRA
210690,피지,,초보,1.48,KOTRA
210690,핀란드,,초보,2.91,KOTRA
210690,필리핀,PH,초보,5.29,KOTRA
210690,헝가리,,초보,2.62,KOTRA
210690,호주,AU,초보,4.78,KOTRA
210690,키프로스,,초보,2.68,KOTRA
210690,키르기즈스탄,,초보,3.08,KOTRA
210690,크로아티아,,초보,2.12,KOTRA
210690,인도,IN,초보,3.31,KOTRA
210690,인도네시아,ID,초보,3.89,KOTRA
210690,일본,JP,초보,7.77,KOTRA
210690,잠비아,,초보,2.23,KOTRA
210690,조지아,,초보,1.98,KOTRA
210690,중국,CN,초보,7.03,KOTRA
210690,지부티,,초보,1.48,KOTRA
210690,지브롤터,,초보,2.07,KOTRA
210690,짐바브웨,,초보,2.03,KOTRA
210690,체코,,초보,2.97,KOTRA
210690,칠레,CL,초보,2.96,KOTRA
210690,카메룬,,초보,1.94,KOTRA
210690,카자흐스탄,KZ,초보,3.16,KOTRA
210690,카타르,QA,초보,2.43,KOTRA
210690,캄보디아,KH,초보,3.45,KOTRA
210690,캐나다,CA,초보,4.38,KOTRA
210690,케냐,,초보,2.77,KOTRA
210690,코스타리카,,초보,2.37,KOTRA
210690,코트디부아르,,초보,2.21,KOTRA
210690,콜롬비아,,초보,2.16,KOTRA
210690,콩고민주공화국,,초보,1.46,KOTRA
210690,쿠웨이트,KW,초보,2.81,KOTRA
210690,부탄,,초보,2.5,KOTRA
210690,부르키나파소,,초보,2.08,KOTRA
210690,볼리비아,,초보,2.27,KOTRA
210690,팔라우,,유망,2.05,KOTRA
210690,페루,PE,유망,3.49,KOTRA
330410,가나,,내수,0.88,KOTRA
330410,미국령사모아,,유망,2.43,KOTRA
330410,미얀마,MM,유망,3.44,KOTRA
330410,바누아투,,유망,2.24,KOTRA
330410,바레인,,유망,3.14,KOTRA
330410,바베이도스,,유망,2.51,KOTRA
330410,방글라데시,BD,유망,2.46,KOTRA
330410,베네수엘라,,유망,2.91,KOTRA
330410,베트남,VN,유망,10.95,KOTRA
330410,벨기에,,유망,3.48,KOTRA
330410,벨라루스,,유망,2.54,KOTRA
330410,보스니아 헤르체고비나,,유망,2.37,KOTRA
330410,볼리비아,,유망,2.31,KOTRA
330410,부탄,,유망,2.76,KOTRA
330410,북마리아나제도,,유망,2.15,KOTRA
330410,불가리아,,유망,3.56,KOTRA
330410,브라질,BR,유망,3.48,KOTRA
330410,브루나이,,유망,3.33,KOTRA
330410,사우디아라비아,SA,유망,3.52,KOTRA
330410,세네갈,,유망,2.15,KOTRA
330410,세르비아,,유망,3.04,KOTRA
330410,미국,US,유망,13.52,KOTRA
330410,몽골,MN,유망,5.18,KOTRA
330410,러시아연방,,유망,5.04,KOTRA
330410,레바논,,유망,3.14,KOTRA
330410,레유니온,,유망,2.84,KOTRA
330410,루마니아,,유망,3.94,KOTRA
330410,룩셈부르크,,유망,2.62,KOTRA
330410,리비아,,유망,2.64,KOTRA
330410,리투아니아,,유망,3.76,KOTRA
330410,마다가스카르,,유망,2.29,KOTRA
330410,마르티니끄,,유망,3.23,KOTRA
330410,마카오,,유망,2.59,KOTRA
330410,마케도니아,,유망,3.23,KOTRA
330410,말레이시아,MY,유망,6.48,KOTRA
330410,멕시코,MX,유망,4.4,KOTRA
330410,모로코,,유망,2.8,KOTRA
330410,모리셔스,,유망,3.88,KOTRA
330410,모리타니아,,유망,2.58,KOTRA
330410,몬테네그로,,유망,2.49,KOTRA
330410,몰다비아,,유망,3.26,KOTRA
330410,몰디브,,유망,2.38,KOTRA
330410,몰타,,유망,2.44,KOTRA
330410,세이셸,,유망,2.55,KOTRA
330410,소말리아,,유망,2.35,KOTRA
330410,예멘,,유망,2.41,KOTRA
330410,오만,OM,유망,3.25,KOTRA
330410,오스트리아,,유망,2.47,KOTRA
330410,온두라스,,유망,2.29,KOTRA
330410,요르단,,유망,1.58,KOTRA
330410,우루과이,,유망,2.62,KOTRA
330410,우즈베키스탄,UZ,유망,2.96,KOTRA
330410,우크라이나,,유망,4.26,KOTRA
330410,이라크,IQ,유망,3.16,KOTRA
330410,이란,,유망,2.25,KOTRA
330410,이스라엘,,유망,3.17,KOTRA
330410,이집트,EG,유망,3.01,KOTRA
330410,이탈리아,IT,유망,3.83,KOTRA
330410,인도,IN,유망,4.17,KOTRA
330410,인도네시아,ID,유망,5.61,KOTRA
330410,일본,JP,유망,12.74,KOTRA
330410,조지아,,유망,2.69,KOTRA
330410,중국,CN,유망,7.14,KOTRA
330410,지부티,,유망,1.91,KOTRA
330410,체코,,유망,3.38,KOTRA
330410,영국,GB,유망,5.07,KOTRA
330410,엘살바도르,,유망,2.64,KOTRA
330410,수단,,유망,0.91,KOTRA
330410,스리랑카,,유망,3.1,KOTRA
330410,스웨덴,,유망,3.59,KOTRA
330410,스위스,,유망,3.94,KOTRA
330410,스페인,ES,유망,4.28,KOTRA
330410,슬로바키아,,유망,3.55,KOTRA
330410,슬로베니아,,유망,2.48,KOTRA
330410,시에라리온,,유망,1.71,KOTRA
330410,싱가포르,SG,유망,8.07,KOTRA
330410,아랍에미리트,AE,유망,5.25,KOTRA
330410,아루바,,유망,1.82,KOTRA
330410,아르메니아,,유망,2.53,KOTRA
330410,아르헨티나,,유망,2.82,KOTRA
330410,아이슬란드,,유망,2.77,KOTRA
330410,아일랜드,,유망,2.84,KOTRA
330410,아제르바이잔,,유망,2.71,KOTRA
330410,알바니아,,유망,3.83,KOTRA
330410,알제리,,유망,2.27,KOTRA
330410,에스토니아,,유망,3.45,KOTRA
330410,에콰도르,,유망,3.64,KOTRA
330410,라트비아,,유망,2.82,KOTRA
330410,라오스,LA,유망,1.92,KOTRA
330410,독일,DE,유망,5.11,KOTRA
330410,이란,,성장,2.96,KOTRA
330410,이스라엘,,성장,4.81,KOTRA
330410,이집트,EG,성장,3.87,KOTRA
330410,이탈리아,IT,성장,7.0,KOTRA
330410,인도,IN,성장,6.77,KOTRA
330410,인도네시아,ID,성장,10.33,KOTRA
330410,일본,JP,성장,21.22,KOTRA
330410,조지아,,성장,3.53,KOTRA
330410,중국,CN,성장,12.84,KOTRA
330410,지부티,,성장,2.42,KOTRA
330410,체코,,성장,6.23,KOTRA
330410,칠레,CL,성장,7.08,KOTRA
330410,카메룬,,성장,2.52,KOTRA
330410,카자흐스탄,KZ,성장,7.01,KOTRA
330410,카타르,QA,성장,5.46,KOTRA
330410,캄보디아,KH,성장,8.03,KOTRA
330410,캐나다,CA,성장,12.05,KOTRA
330410,케냐,,성장,3.87,KOTRA
330410,코스타리카,,성장,3.96,KOTRA
330410,코트디부아르,,성장,2.19,KOTRA
330410,이라크,IQ,성장,4.14,KOTRA
330410,우크라이나,,성장,7.14,KOTRA
330410,아랍에미리트,AE,성장,9.08,KOTRA
330410,아루바,,성장,2.39,KOTRA
330410,아르메니아,,성장,3.3,KOTRA
330410,아르헨티나,,성장,4.33,KOTRA
330410,아이슬란드,,성장,3.76,KOTRA
330410,아일랜드,,성장,4.21,KOTRA
330410,아제르바이잔,,성장,3.8,KOTRA
330410,알바니아,,성장,5.32,KOTRA
330410,알제리,,성장,3.27,KOTRA
330410,에스토니아,,성장,5.55,KOTRA
330410,에콰도르,,성장,4.69,KOTRA
330410,엘살바도르,,성장,3.29,KOTRA
330410,영국,GB,성장,9.53,KOTRA
330410,예멘,,성장,3.14,KOTRA
330410,오만,OM,성장,4.48,KOTRA
330410,오스트리아,,성장,4.2,KOTRA
330410,온두라스,,성장,3.02,KOTRA
330410,요르단,,성장,2.19,KOTRA
330410,우루과이,,성장,3.75,KOTRA
330410,우즈베키스탄,UZ,성장,4.28,KOTRA
330410,콜롬비아,,성장,4.44,KOTRA
330410,콩고,,성장,2.35,KOTRA
330410,필리핀,PH,성장,9.46,KOTRA
330410,헝가리,,성장,4.72,KOTRA
330410,호주,AU,성장,11.37,KOTRA
330410,홍콩,HK,성장,17.2,KOTRA
330410,가나,,유망,2.27,KOTRA
330410,과테말라,,유망,3.17,KOTRA
330410,괌,GU,유망,3.03,KOTRA
330410,그리스,,유망,3.39,KOTRA
330410,기타국,,유망,2.67,KOTRA
330410,나이지리아,,유망,3.14,KOTRA
330410,남아프리카공화국,ZA,유망,3.31,KOTRA
330410,네덜란드,NL,유망,3.83,KOTRA
330410,네팔,,유망,2.66,KOTRA
330410,노르웨이,,유망,3.31,KOTRA
330410,뉴질랜드,,유망,3.4,KOTRA
330410,뉴캘러도니아,,유망,2.3,KOTRA
330410,니제르,,유망,1.42,KOTRA
330410,대만,TW,유망,9.17,KOTRA
330410,덴마크,,유망,3.15,KOTRA
330410,도미니카공화국,,유망,2.31,KOTRA
330410,핀란드,,성장,6.34,KOTRA
330410,피지,,성장,2.69,KOTRA
330410,쿠바,,성장,2.23,KOTRA
330410,쿠웨이트,KW,성장,5.94,KOTRA
330410,큐라소,,성장,3.43,KOTRA
330410,크로아티아,,성장,3.62,KOTRA
330410,키르기즈스탄,,성장,6.61,KOTRA
330410,키프로스,,성장,4.6,KOTRA
330410,탄자니아,,성장,3.08,KOTRA
330410,태국,TH,성장,13.49,KOTRA
330410,투르크메니스탄,,성장,3.94,KOTRA
330410,튀르키예,,성장,6.7,KOTRA
330410,트리니다드토바고,,성장,3.72,KOTRA
330410,파나마,,성장,4.18,KOTRA
330410,파라과이,,성장,3.48,KOTRA
330410,파키스탄,,성장,4.19,KOTRA
330410,페루,PE,성장,5.13,KOTRA
330410,포르투갈,,성장,4.23,KOTRA
330410,폴란드,PL,성장,6.73,KOTRA
330410,폴리네시아(프),,성장,3.46,KOTRA
330410,푸에르토리코,,성장,3.72,KOTRA
330410,프랑스,FR,성장,7.3,KOTRA
330410,칠레,CL,유망,3.86,KOTRA
330410,카메룬,,유망,2.05,KOTRA
330410,카자흐스탄,KZ,유망,3.78,KOTRA
330410,아일랜드,,초보,2.34,KOTRA
330410,아제르바이잔,,초보,2.56,KOTRA
330410,알바니아,,초보,3.53,KOTRA
330410,알제리,,초보,1.97,KOTRA
330410,에스토니아,,초보,2.71,KOTRA
330410,에콰도르,,초보,2.99,KOTRA
330410,엘살바도르,,초보,2.33,KOTRA
330410,영국,GB,초보,3.02,KOTRA
330410,예멘,,초보,2.15,KOTRA
330410,오만,OM,초보,2.74,KOTRA
330410,오스트리아,,초보,2.05,KOTRA
330410,온두라스,,초보,2.01,KOTRA
330410,요르단,,초보,1.44,KOTRA
330410,우루과이,,초보,2.17,KOTRA
330410,우즈베키스탄,UZ,초보,2.71,KOTRA
330410,우크라이나,,초보,3.14,KOTRA
330410,이라크,IQ,초보,2.69,KOTRA
330410,이란,,초보,2.0,KOTRA
330410,이스라엘,,초보,2.83,KOTRA
330410,이집트,EG,초보,2.71,KOTRA
330410,아이슬란드,,초보,2.63,KOTRA
330410,아르헨티나,,초보,2.43,KOTRA
330410,불가리아,,초보,3.12,KOTRA
330410,브라질,BR,초보,3.05,KOTRA
330410,브루나이,,초보,2.69,KOTRA
330410,사우디아라비아,SA,초보,2.71,KOTRA
330410,세네갈,,초보,1.89,KOTRA
330410,세르비아,,초보,2.61,KOTRA
330410,세이셸,,초보,2.17,KOTRA
330410,소말리아,,초보,2.22,KOTRA
330410,수단,,초보,0.8,KOTRA
330410,스리랑카,,초보,2.65,KOTRA
330410,스웨덴,,초보,2.92,KOTRA
330410,스위스,,초보,3.24,KOTRA
330410,스페인,ES,초보,3.14,KOTRA
330410,슬로바키아,,초보,2.88,KOTRA
330410,슬로베니아,,초보,2.15,KOTRA
330410,시에라리온,,초보,1.55,KOTRA
330410,싱가포르,SG,초보,6.54,KOTRA
330410,아랍에미리트,AE,초보,3.19,KOTRA
330410,아루바,,초보,1.65,KOTRA
330410,아르메니아,,초보,2.16,KOTRA
330410,이탈리아,IT,초보,3.0,KOTRA
330410,인도,IN,초보,3.6,KOTRA
330410,키프로스,,초보,2.87,KOTRA
330410,탄자니아,,초보,1.95,KOTRA
330410,태국,TH,초보,4.65,KOTRA
330410,투르크메니스탄,,초보,2.79,KOTRA
330410,튀르키예,,초보,2.91,KOTRA
330410,트리니다드토바고,,초보,3.13,KOTRA
330410,파나마,,초보,2.63,KOTRA
330410,파라과이,,초보,2.16,KOTRA
330410,파키스탄,,초보,2.7,KOTRA
330410,페루,PE,초보,2.75,KOTRA
330410,포르투갈,,초보,2.33,KOTRA
330410,폴란드,PL,초보,2.94,KOTRA
330410,폴리네시아(프),,초보,2.74,KOTRA
330410,푸에르토리코,,초보,2.59,KOTRA
330410,프랑스,FR,초보,3.3,KOTRA
330410,피지,,초보,1.73,KOTRA
330410,핀란드,,초보,3.06,KOTRA
330410,필리핀,PH,초보,5.26,KOTRA
330410,헝가리,,초보,2.48,KOTRA
330410,호주,AU,초보,3.76,KOTRA
330410,키르기즈스탄,,초보,2.67,KOTRA
330410,크로아티아,,초보,2.08,KOTRA
330410,인도네시아,ID,초보,3.99,KOTRA
330410,일본,JP,초보,12.96,KOTRA
330410,조지아,,초보,2.37,KOTRA
330410,중국,CN,초보,4.25,KOTRA
330410,지부티,,초보,1.73,KOTRA
330410,체코,,초보,2.76,KOTRA
330410,칠레,CL,초보,3.29,KOTRA
330410,카메룬,,초보,1.74,KOTRA
330410,카자흐스탄,KZ,초보,2.78,KOTRA
330410,카타르,QA,초보,2.63,KOTRA
330410,캄보디아,KH,초보,3.04,KOTRA
330410,캐나다,CA,초보,4.15,KOTRA
330410,케냐,,초보,2.78,KOTRA
330410,코스타리카,,초보,2.61,KOTRA
330410,코트디부아르,,초보,1.56,KOTRA
330410,콜롬비아,,초보,2.79,KOTRA
330410,콩고,,초보,1.59,KOTRA
330410,쿠바,,초보,1.58,KOTRA
330410,쿠웨이트,KW,초보,3.04,KOTRA
330410,큐라소,,초보,2.63,KOTRA
330410,북마리아나제도,,초보,1.82,KOTRA
330410,부탄,,초보,2.44,KOTRA
330410,볼리비아,,초보,2.01,KOTRA
330410,페루,PE,유망,3.23,KOTRA
330410,포르투갈,,유망,2.77,KOTRA
330410,폴란드,PL,유망,3.97,KOTRA
330410,폴리네시아(프),,유망,2.94,KOTRA
330410,푸에르토리코,,유망,2.84,KOTRA
330410,프랑스,FR,유망,4.02,KOTRA
330410,피지,,유망,2.09,KOTRA
330410,핀란드,,유망,3.9,KOTRA
330410,필리핀,PH,유망,6.39,KOTRA
330410,헝가리,,유망,2.97,KOTRA
330410,호주,AU,유망,5.89,KOTRA
330410,홍콩,HK,유망,8.35,KOTRA
330410,가나,,초보,2.06,KOTRA
330410,과테말라,,초보,2.56,KOTRA
330410,괌,GU,초보,2.66,KOTRA
330410,그리스,,초보,2.73,KOTRA
330410,기타국,,초보,2.46,KOTRA
330410,나이지리아,,초보,2.88,KOTRA
330410,남아프리카공화국,ZA,초보,2.82,KOTRA
330410,네덜란드,NL,초보,2.73,KOTRA
330410,파키스탄,,유망,3.08,KOTRA
330410,파라과이,,유망,2.44,KOTRA
330410,카타르,QA,유망,3.04,KOTRA
330410,캄보디아,KH,유망,4.28,KOTRA
330410,캐나다,CA,유망,6.11,KOTRA
330410,케냐,,유망,3.02,KOTRA
330410,코스타리카,,유망,3.08,KOTRA
330410,코트디부아르,,유망,1.76,KOTRA
330410,콜롬비아,,유망,3.19,KOTRA
330410,콩고,,유망,1.78,KOTRA
330410,쿠바,,유망,1.74,KOTRA
330410,쿠웨이트,KW,유망,3.59,KOTRA
330510,가나,,내수,0.6,KOTRA
330510,몽골,MN,유망,8.43,KOTRA
330510,미국,US,유망,14.22,KOTRA
330510,미국령사모아,,유망,2.54,KOTRA
330510,미얀마,MM,유망,3.45,KOTRA
330510,바누아투,,유망,3.66,KOTRA
330510,바레인,,유망,3.24,KOTRA
330510,방글라데시,BD,유망,3.0,KOTRA
330510,베네수엘라,,유망,2.95,KOTRA
330510,베트남,VN,유망,8.54,KOTRA
330510,벨기에,,유망,3.47,KOTRA
330510,벨라루스,,유망,2.94,KOTRA
330510,보스니아 헤르체고비나,,유망,2.47,KOTRA
330510,볼리비아,,유망,2.53,KOTRA
330510,부탄,,유망,2.94,KOTRA
330510,북마리아나제도,,유망,2.47,KOTRA
330510,불가리아,,유망,4.04,KOTRA
330510,브라질,BR,유망,3.81,KOTRA
330510,브루나이,,유망,3.15,KOTRA
330510,사모아 (서사모아),,유망,1.84,KOTRA
330510,몰타,,유망,2.89,KOTRA
330510,몰디브,,유망,2.93,KOTRA
330510,러시아연방,,유망,8.05,KOTRA
330510,레바논,,유망,3.09,KOTRA
330510,레유니온,,유망,2.9,KOTRA
330510,루마니아,,유망,4.46,KOTRA
330510,룩셈부르크,,유망,2.7,KOTRA
330510,리비아,,유망,3.05,KOTRA
330510,리투아니아,,유망,4.3,KOTRA
330510,마르티니끄,,유망,3.46,KOTRA
330510,마샬 제도,,유망,3.06,KOTRA
330510,마카오,,유망,2.7,KOTRA
330510,마케도니아,,유망,3.43,KOTRA
330510,마크로네시아,,유망,2.26,KOTRA
330510,말레이시아,MY,유망,8.91,KOTRA
330510,멕시코,MX,유망,4.22,KOTRA
330510,모로코,,유망,2.46,KOTRA
330510,모리셔스,,유망,3.83,KOTRA
330510,모리타니아,,유망,1.99,KOTRA
330510,몬테네그로,,유망,2.92,KOTRA
330510,몰다비아,,유망,4.03,KOTRA
330510,사우디아라비아,SA,유망,3.58,KOTRA
330510,세네갈,,유망,2.52,KOTRA
330510,세르비아,,유망,3.25,KOTRA
330510,영국,GB,유망,4.25,KOTRA
330510,예멘,,유망,2.71,KOTRA
330510,오만,OM,유망,3.15,KOTRA
330510,오스트리아,,유망,2.95,KOTRA
330510,온두라스,,유망,2.42,KOTRA
330510,요르단,,유망,1.81,KOTRA
330510,우루과이,,유망,3.0,KOTRA
330510,우즈베키스탄,UZ,유망,3.31,KOTRA
330510,우크라이나,,유망,4.36,KOTRA
330510,이라크,IQ,유망,2.49,KOTRA
330510,이란,,유망,2.51,KOTRA
330510,이스라엘,,유망,4.05,KOTRA
330510,이탈리아,IT,유망,3.78,KOTRA
330510,인도,IN,유망,4.69,KOTRA
330510,인도네시아,ID,유망,5.57,KOTRA
330510,일본,JP,유망,8.33,KOTRA
330510,조지아,,유망,2.94,KOTRA
330510,중국,CN,유망,9.58,KOTRA
330510,지부티,,유망,2.21,KOTRA
330510,에티오피아,,유망,2.39,KOTRA
330510,에콰도르,,유망,3.74,KOTRA
330510,세이셸,,유망,2.71,KOTRA
330510,소말리아,,유망,2.08,KOTRA
330510,수단,,유망,0.96,KOTRA
330510,스리랑카,,유망,3.69,KOTRA
330510,스웨덴,,유망,3.82,KOTRA
330510,스위스,,유망,4.15,KOTRA
330510,스페인,ES,유망,4.21,KOTRA
330510,슬로바키아,,유망,3.6,KOTRA
330510,슬로베니아,,유망,2.64,KOTRA
330510,싱가포르,SG,유망,9.71,KOTRA
330510,아랍에미리트,AE,유망,5.0,KOTRA
330510,아루바,,유망,1.86,KOTRA
330510,아르메니아,,유망,2.83,KOTRA
330510,아이슬란드,,유망,2.72,KOTRA
330510,아일랜드,,유망,2.94,KOTRA
330510,아제르바이잔,,유망,2.89,KOTRA
330510,알바니아,,유망,3.72,KOTRA
330510,알제리,,유망,2.35,KOTRA
330510,에스토니아,,유망,3.5,KOTRA
330510,라트비아,,유망,3.31,KOTRA
330510,라오스,LA,유망,2.94,KOTRA
330510,독일,DE,유망,4.73,KOTRA
330510,우크라이나,,성장,7.26,KOTRA
330510,이라크,IQ,성장,2.76,KOTRA
330510,이란,,성장,2.62,KOTRA
330510,이스라엘,,성장,4.34,KOTRA
330510,이탈리아,IT,성장,4.55,KOTRA
330510,인도,IN,성장,4.95,KOTRA
330510,인도네시아,ID,성장,5.93,KOTRA
330510,일본,JP,성장,12.62,KOTRA
330510,조지아,,성장,2.83,KOTRA
330510,중국,CN,성장,12.45,KOTRA
330510,지부티,,성장,2.27,KOTRA
330510,체코,,성장,5.07,KOTRA
330510,칠레,CL,성장,4.54,KOTRA
330510,카메룬,,성장,2.17,KOTRA
330510,카자흐스탄,KZ,성장,7.31,KOTRA
330510,카타르,QA,성장,4.54,KOTRA
330510,캄보디아,KH,성장,5.37,KOTRA
330510,캐나다,CA,성장,9.25,KOTRA
330510,케냐,,성장,1.86,KOTRA
330510,우즈베키스탄,UZ,성장,4.11,KOTRA
330510,우루과이,,성장,3.32,KOTRA
330510,슬로베니아,,성장,2.93,KOTRA
330510,싱가포르,SG,성장,11.05,KOTRA
330510,아랍에미리트,AE,성장,7.44,KOTRA
330510,아루바,,성장,1.99,KOTRA
330510,아르메니아,,성장,3.11,KOTRA
330510,아이슬란드,,성장,2.87,KOTRA
330510,아일랜드,,성장,3.3,KOTRA
330510,아제르바이잔,,성장,3.47,KOTRA
330510,알바니아,,성장,4.11,KOTRA
330510,알제리,,성장,2.47,KOTRA
330510,에스토니아,,성장,4.26,KOTRA
330510,에콰도르,,성장,3.86,KOTRA
330510,에티오피아,,성장,2.48,KOTRA
330510,영국,GB,성장,6.7,KOTRA
330510,예멘,,성장,2.78,KOTRA
330510,오만,OM,성장,3.27,KOTRA
330510,오스트리아,,성장,3.58,KOTRA
330510,온두라스,,성장,2.49,KOTRA
330510,요르단,,성장,1.93,KOTRA
330510,코스타리카,,성장,3.14,KOTRA
330510,코트디부아르,,성장,2.13,KOTRA
330510,콜롬비아,,성장,2.89,KOTRA
330510,헝가리,,성장,3.85,KOTRA
330510,호주,AU,성장,9.15,KOTRA
330510,홍콩,HK,성장,12.44,KOTRA
330510,가나,,유망,1.74,KOTRA
330510,과테말라,,유망,3.38,KOTRA
330510,괌,GU,유망,3.0,KOTRA
330510,그리스,,유망,3.2,KOTRA
330510,기타국,,유망,2.78,KOTRA
330510,나이지리아,,유망,2.69,KOTRA
330510,남아프리카공화국,ZA,유망,3.36,KOTRA
330510,네덜란드,NL,유망,4.19,KOTRA
330510,네팔,,유망,2.64,KOTRA
330510,노르웨이,,유망,3.63,KOTRA
330510,뉴질랜드,,유망,4.02,KOTRA
330510,뉴캘러도니아,,유망,2.62,KOTRA
330510,니제르,,유망,1.51,KOTRA
330510,대만,TW,유망,10.31,KOTRA
330510,덴마크,,유망,3.59,KOTRA
330510,도미니카공화국,,유망,2.41,KOTRA
330510,필리핀,PH,성장,7.65,KOTRA
330510,핀란드,,성장,4.21,KOTRA
330510,쿠웨이트,KW,성장,4.29,KOTRA
330510,크로아티아,,성장,3.06,KOTRA
330510,키르기즈스탄,,성장,6.03,KOTRA
330510,키프로스,,성장,3.98,KOTRA
330510,타지키스탄,,성장,3.34,KOTRA
330510,탄자니아,,성장,2.41,KOTRA
330510,태국,TH,성장,8.61,KOTRA
330510,투르크메니스탄,,성장,3.47,KOTRA
330510,튀르키예,,성장,5.08,KOTRA
330510,트리니다드토바고,,성장,2.86,KOTRA
330510,파나마,,성장,2.79,KOTRA
330510,파라과이,,성장,2.78,KOTRA
330510,파키스탄,,성장,3.43,KOTRA
330510,포르투갈,,성장,3.2,KOTRA
330510,폴란드,PL,성장,6.33,KOTRA
330510,폴리네시아(프),,성장,2.91,KOTRA
330510,푸에르토리코,,성장,2.81,KOTRA
330510,프랑스,FR,성장,5.11,KOTRA
330510,피지,,성장,2.87,KOTRA
330510,체코,,유망,3.9,KOTRA
330510,칠레,CL,유망,3.76,KOTRA
330510,아르메니아,,초보,2.43,KOTRA
330510,아이슬란드,,초보,2.65,KOTRA
330510,아일랜드,,초보,2.55,KOTRA
330510,아제르바이잔,,초보,2.62,KOTRA
330510,알바니아,,초보,3.4,KOTRA
330510,알제리,,초보,2.04,KOTRA
330510,에스토니아,,초보,2.69,KOTRA
330510,에콰도르,,초보,3.18,KOTRA
330510,에티오피아,,초보,2.2,KOTRA
330510,영국,GB,초보,3.31,KOTRA
330510,예멘,,초보,2.46,KOTRA
330510,오만,OM,초보,2.64,KOTRA
330510,오스트리아,,초보,2.62,KOTRA
330510,온두라스,,초보,2.08,KOTRA
330510,요르단,,초보,1.67,KOTRA
330510,우루과이,,초보,2.53,KOTRA
330510,우즈베키스탄,UZ,초보,2.82,KOTRA
330510,우크라이나,,초보,3.28,KOTRA
330510,이라크,IQ,초보,2.1,KOTRA
330510,아루바,,초보,1.7,KOTRA
330510,아랍에미리트,AE,초보,4.0,KOTRA
330510,부탄,,초보,2.61,KOTRA
330510,북마리아나제도,,초보,2.17,KOTRA
330510,불가리아,,초보,3.33,KOTRA
330510,브라질,BR,초보,3.29,KOTRA
330510,브루나이,,초보,2.73,KOTRA
330510,사모아 (서사모아),,초보,1.57,KOTRA
330510,사우디아라비아,SA,초보,2.86,KOTRA
330510,세네갈,,초보,2.23,KOTRA
330510,세르비아,,초보,2.79,KOTRA
330510,세이셸,,초보,2.32,KOTRA
330510,소말리아,,초보,1.94,KOTRA
330510,수단,,초보,0.81,KOTRA
330510,스리랑카,,초보,3.19,KOTRA
330510,스웨덴,,초보,3.31,KOTRA
330510,스위스,,초보,3.43,KOTRA
330510,스페인,ES,초보,3.36,KOTRA
330510,슬로바키아,,초보,2.87,KOTRA
330510,슬로베니아,,초보,2.33,KOTRA
330510,싱가포르,SG,초보,7.44,KOTRA
330510,이란,,초보,2.28,KOTRA
330510,이스라엘,,초보,3.84,KOTRA
330510,이탈리아,IT,초보,3.07,KOTRA
330510,타지키스탄,,초보,2.58,KOTRA
330510,탄자니아,,초보,1.9,KOTRA
330510,태국,TH,초보,4.64,KOTRA
330510,투르크메니스탄,,초보,3.14,KOTRA
330510,튀르키예,,초보,2.92,KOTRA
330510,트리니다드토바고,,초보,2.88,KOTRA
330510,파나마,,초보,2.3,KOTRA
330510,파라과이,,초보,2.28,KOTRA
330510,파키스탄,,초보,2.99,KOTRA
330510,포르투갈,,초보,2.45,KOTRA
330510,폴란드,PL,초보,3.28,KOTRA
330510,폴리네시아(프),,초보,2.89,KOTRA
330510,푸에르토리코,,초보,2.53,KOTRA
330510,프랑스,FR,초보,3.12,KOTRA
330510,피지,,초보,2.49,KOTRA
330510,핀란드,,초보,3.12,KOTRA
330510,필리핀,PH,초보,5.08,KOTRA
330510,헝가리,,초보,2.75,KOTRA
330510,호주,AU,초보,4.72,KOTRA
330510,키프로스,,초보,3.22,KOTRA
330510,키르기즈스탄,,초보,3.0,KOTRA
330510,인도,IN,초보,3.96,KOTRA
330510,인도네시아,ID,초보,3.9,KOTRA
330510,일본,JP,초보,7.21,KOTRA
330510,조지아,,초보,2.52,KOTRA
330510,중국,CN,초보,6.54,KOTRA
330510,지부티,,초보,2.04,KOTRA
330510,체코,,초보,3.05,KOTRA
330510,칠레,CL,초보,3.28,KOTRA
330510,카메룬,,초보,1.84,KOTRA
330510,카자흐스탄,KZ,초보,3.1,KOTRA
330510,카타르,QA,초보,2.66,KOTRA
330510,캄보디아,KH,초보,3.39,KOTRA
330510,캐나다,CA,초보,4.48,KOTRA
330510,케냐,,초보,1.54,KOTRA
330510,코스타리카,,초보,2.68,KOTRA
330510,코트디부아르,,초보,1.91,KOTRA
330510,콜롬비아,,초보,2.32,KOTRA
330510,쿠웨이트,KW,초보,3.42,KOTRA
330510,크로아티아,,초보,2.49,KOTRA
330510,볼리비아,,초보,2.24,KOTRA
330510,보스니아 헤르체고비나,,초보,2.08,KOTRA
330510,벨라루스,,초보,2.63,KOTRA
330510,파키스탄,,유망,3.23,KOTRA
330510,포르투갈,,유망,2.89,KOTRA
330510,폴란드,PL,유망,4.15,KOTRA
330510,폴리네시아(프),,유망,3.11,KOTRA
330510,푸에르토리코,,유망,2.72,KOTRA
330510,프랑스,FR,유망,3.87,KOTRA
330510,피지,,유망,2.97,KOTRA
330510,핀란드,,유망,3.64,KOTRA
330510,필리핀,PH,유망,6.68,KOTRA
330510,헝가리,,유망,3.27,KOTRA
330510,호주,AU,유망,6.29,KOTRA
330510,홍콩,HK,유망,9.46,KOTRA
330510,가나,,초보,1.59,KOTRA
330510,과테말라,,초보,2.83,KOTRA
330510,괌,GU,초보,2.67,KOTRA
330510,그리스,,초보,2.82,KOTRA
330510,기타국,,초보,2.59,KOTRA
330510,나이지리아,,초보,2.54,KOTRA
330510,남아프리카공화국,ZA,초보,2.89,KOTRA
330510,파라과이,,유망,2.77,KOTRA
330510,파나마,,유망,2.65,KOTRA
330510,카메룬,,유망,2.05,KOTRA
330510,카자흐스탄,KZ,유망,4.33,KOTRA
330510,카타르,QA,유망,3.28,KOTRA
330510,캄보디아,KH,유망,4.16,KOTRA
330510,캐나다,CA,유망,6.09,KOTRA
330510,케냐,,유망,1.74,KOTRA
330510,코스타리카,,유망,3.13,KOTRA
330510,코트디부아르,,유망,2.11,KOTRA
330510,콜롬비아,,유망,2.73,KOTRA
330510,쿠웨이트,KW,유망,3.87,KOTRA
330510,크로아티아,,유망,2.98,KOTRA
330510,키르기즈스탄,,유망,3.77,KOTRA
330510,키프로스,,유망,3.61,KOTRA
330510,타지키스탄,,유망,3.16,KOTRA
330510,탄자니아,,유망,2.15,KOTRA
330510,태국,TH,유망,6.62,KOTRA
330510,투르크메니스탄,,유망,3.48,KOTRA
330510,튀르키예,,유망,3.52,KOTRA
330510,트리니다드토바고,,유망,2.88,KOTRA
330510,네덜란드,NL,초보,3.41,KOTRA
330510,네팔,,초보,2.13,KOTRA
330590,가나,,내수,0.89,KOTRA
330590,미국령사모아,,유망,2.72,KOTRA
330590,미얀마,MM,유망,3.86,KOTRA
330590,바누아투,,유망,2.66,KOTRA
330590,바레인,,유망,3.38,KOTRA
330590,방글라데시,BD,유망,3.67,KOTRA
330590,베냉,,유망,2.05,KOTRA
330590,베네수엘라,,유망,3.18,KOTRA
330590,베트남,VN,유망,9.88,KOTRA
330590,벨기에,,유망,3.68,KOTRA
330590,벨라루스,,유망,3.19,KOTRA
330590,보스니아 헤르체고비나,,유망,2.74,KOTRA
330590,볼리비아,,유망,2.93,KOTRA
330590,부르키나파소,,유망,2.35,KOTRA
330590,부탄,,유망,3.39,KOTRA
330590,북마리아나제도,,유망,2.7,KOTRA
330590,불가리아,,유망,4.38,KOTRA
330590,브라질,BR,유망,4.29,KOTRA
330590,브루나이,,유망,3.23,KOTRA
330590,사우디아라비아,SA,유망,4.29,KOTRA
330590,세네갈,,유망,2.68,KOTRA
330590,미국,US,유망,17.83,KOTRA
330590,몽골,MN,유망,6.94,KOTRA
330590,몰타,,유망,3.01,KOTRA
330590,레바논,,유망,3.46,KOTRA
330590,레유니온,,유망,2.86,KOTRA
330590,루마니아,,유망,4.56,KOTRA
330590,룩셈부르크,,유망,2.93,KOTRA
330590,르완다,,유망,2.17,KOTRA
330590,리비아,,유망,3.37,KOTRA
330590,리투아니아,,유망,4.58,KOTRA
330590,마다가스카르,,유망,2.96,KOTRA
330590,마르티니끄,,유망,3.6,KOTRA
330590,마카오,,유망,3.24,KOTRA
330590,마케도니아,,유망,3.73,KOTRA
330590,말레이시아,MY,유망,10.22,KOTRA
330590,멕시코,MX,유망,4.95,KOTRA
330590,모로코,,유망,3.26,KOTRA
330590,모리셔스,,유망,4.19,KOTRA
330590,모리타니아,,유망,2.16,KOTRA
330590,모잠비크,,유망,2.14,KOTRA
330590,몬테네그로,,유망,2.85,KOTRA
330590,몰다비아,,유망,3.97,KOTRA
330590,몰디브,,유망,3.13,KOTRA
330590,세르비아,,유망,3.39,KOTRA
330590,세이셸,,유망,3.03,KOTRA
330590,예멘,,유망,2.41,KOTRA
330590,오만,OM,유망,3.71,KOTRA
330590,오스트리아,,유망,2.87,KOTRA
330590,온두라스,,유망,2.59,KOTRA
330590,요르단,,유망,2.15,KOTRA
330590,우루과이,,유망,3.35,KOTRA
330590,우즈베키스탄,UZ,유망,3.77,KOTRA
330590,우크라이나,,유망,5.35,KOTRA
330590,이라크,IQ,유망,2.95,KOTRA
330590,이란,,유망,2.71,KOTRA
330590,이스라엘,,유망,4.2,KOTRA
330590,이탈리아,IT,유망,4.45,KOTRA
330590,인도,IN,유망,5.7,KOTRA
330590,인도네시아,ID,유망,6.62,KOTRA
330590,일본,JP,유망,11.39,KOTRA
330590,잠비아,,유망,2.66,KOTRA
330590,조지아,,유망,3.14,KOTRA
330590,중국,CN,유망,10.99,KOTRA
330590,지부티,,유망,2.53,KOTRA
330590,체코,,유망,4.25,KOTRA
330590,영국,GB,유망,4.97,KOTRA
330590,엘살바도르,,유망,2.63,KOTRA
330590,에콰도르,,유망,3.38,KOTRA
330590,소말리아,,유망,2.29,KOTRA
330590,수단,,유망,0.97,KOTRA
330590,스리랑카,,유망,3.87,KOTRA
330590,스웨덴,,유망,4.31,KOTRA
330590,스위스,,유망,4.15,KOTRA
330590,스페인,ES,유망,4.58,KOTRA
330590,슬로바키아,,유망,4.22,KOTRA
330590,슬로베니아,,유망,2.81,KOTRA
330590,싱가포르,SG,유망,11.03,KOTRA
330590,아랍에미리트,AE,유망,6.22,KOTRA
330590,아루바,,유망,2.03,KOTRA
330590,아르메니아,,유망,2.78,KOTRA
330590,아르헨티나,,유망,2.7,KOTRA
330590,아이슬란드,,유망,2.8,KOTRA
330590,아이티,,유망,2.72,KOTRA
330590,아일랜드,,유망,3.58,KOTRA
330590,아제르바이잔,,유망,2.41,KOTRA
330590,알바니아,,유망,4.46,KOTRA
330590,알제리,,유망,2.61,KOTRA
330590,에스토니아,,유망,3.58,KOTRA
330590,러시아연방,,유망,7.57,KOTRA
330590,라트비아,,유망,3.53,KOTRA
330590,라오스,LA,유망,3.23,KOTRA
330590,이란,,성장,2.77,KOTRA
330590,이스라엘,,성장,4.67,KOTRA
330590,이탈리아,IT,성장,5.56,KOTRA
330590,인도,IN,성장,6.27,KOTRA
330590,인도네시아,ID,성장,7.24,KOTRA
330590,일본,JP,성장,16.16,KOTRA
330590,잠비아,,성장,2.8,KOTRA
330590,조지아,,성장,3.08,KOTRA
330590,중국,CN,성장,11.97,KOTRA
330590,지부티,,성장,2.54,KOTRA
330590,체코,,성장,5.72,KOTRA
330590,칠레,CL,성장,5.21,KOTRA
330590,카메룬,,성장,2.33,KOTRA
330590,카자흐스탄,KZ,성장,7.15,KOTRA
330590,카타르,QA,성장,5.2,KOTRA
330590,캄보디아,KH,성장,5.58,KOTRA
330590,캐나다,CA,성장,10.22,KOTRA
330590,케냐,,성장,2.77,KOTRA
330590,코스타리카,,성장,3.32,KOTRA
330590,코트디부아르,,성장,2.22,KOTRA
330590,이라크,IQ,성장,3.58,KOTRA
330590,우크라이나,,성장,7.88,KOTRA
330590,우즈베키스탄,UZ,성장,4.49,KOTRA
330590,아랍에미리트,AE,성장,8.21,KOTRA
330590,아루바,,성장,2.15,KOTRA
330590,아르메니아,,성장,2.96,KOTRA
330590,아르헨티나,,성장,3.05,KOTRA
330590,아이슬란드,,성장,2.95,KOTRA
330590,아이티,,성장,2.8,KOTRA
330590,아일랜드,,성장,4.01,KOTRA
330590,아제르바이잔,,성장,2.8,KOTRA
330590,알바니아,,성장,4.91,KOTRA
330590,알제리,,성장,2.8,KOTRA
330590,에스토니아,,성장,4.34,KOTRA
330590,에콰도르,,성장,3.6,KOTRA
330590,엘살바도르,,성장,2.62,KOTRA
330590,영국,GB,성장,7.97,KOTRA
330590,예멘,,성장,2.44,KOTRA
330590,오만,OM,성장,3.95,KOTRA
330590,오스트리아,,성장,3.55,KOTRA
330590,온두라스,,성장,2.67,KOTRA
330590,요르단,,성장,2.31,KOTRA
330590,우루과이,,성장,3.43,KOTRA
330590,콜롬비아,,성장,3.23,KOTRA
330590,쿠웨이트,KW,성장,4.95,KOTRA
330590,헝가리,,성장,3.82,KOTRA
330590,호주,AU,성장,10.34,KOTRA
330590,홍콩,HK,성장,15.12,KOTRA
330590,가나,,유망,2.14,KOTRA
330590,가이아나,,유망,2.84,KOTRA
330590,과테말라,,유망,3.78,KOTRA
330590,괌,GU,유망,3.72,KOTRA
330590,그리스,,유망,3.81,KOTRA
330590,기타국,,유망,3.17,KOTRA
330590,나이지리아,,유망,2.88,KOTRA
330590,남아프리카공화국,ZA,유망,3.72,KOTRA
330590,네덜란드,NL,유망,4.84,KOTRA
330590,네팔,,유망,3.71,KOTRA
330590,노르웨이,,유망,4.04,KOTRA
330590,뉴질랜드,,유망,4.0,KOTRA
330590,뉴캘러도니아,,유망,2.78,KOTRA
330590,대만,TW,유망,12.0,KOTRA
330590,덴마크,,유망,3.85,KOTRA
330590,도미니카공화국,,유망,2.49,KOTRA
330590,독일,DE,유망,5.53,KOTRA
330590,필리핀,PH,성장,8.1,KOTRA
330590,핀란드,,성장,4.49,KOTRA
330590,피지,,성장,3.09,KOTRA
330590,큐라소,,성장,3.12,KOTRA
330590,크로아티아,,성장,3.58,KOTRA
330590,키르기즈스탄,,성장,6.27,KOTRA
330590,키프로스,,성장,4.25,KOTRA
330590,타지키스탄,,성장,3.17,KOTRA
330590,탄자니아,,성장,2.25,KOTRA
330590,태국,TH,성장,10.71,KOTRA
330590,토고,,성장,2.23,KOTRA
330590,투르크메니스탄,,성장,3.38,KOTRA
330590,튀르키예,,성장,6.2,KOTRA
330590,트리니다드토바고,,성장,3.38,KOTRA
330590,파나마,,성장,3.06,KOTRA
330590,파라과이,,성장,3.2,KOTRA
330590,파키스탄,,성장,3.64,KOTRA
330590,페루,PE,성장,3.77,KOTRA
330590,포르투갈,,성장,3.88,KOTRA
330590,폴란드,PL,성장,6.93,KOTRA
330590,폴리네시아(프),,성장,2.95,KOTRA
330590,푸에르토리코,,성장,2.94,KOTRA
330590,프랑스,FR,성장,6.18,KOTRA
330590,칠레,CL,유망,4.32,KOTRA
330590,카메룬,,유망,2.23,KOTRA
330590,아이티,,초보,2.21,KOTRA
330590,아일랜드,,초보,3.01,KOTRA
330590,아제르바이잔,,초보,2.14,KOTRA
330590,알바니아,,초보,3.97,KOTRA
330590,알제리,,초보,2.2,KOTRA
330590,에스토니아,,초보,2.66,KOTRA
330590,에콰도르,,초보,2.77,KOTRA
330590,엘살바도르,,초보,2.34,KOTRA
330590,영국,GB,초보,3.59,KOTRA
330590,예멘,,초보,2.08,KOTRA
330590,오만,OM,초보,3.05,KOTRA
330590,오스트리아,,초보,2.45,KOTRA
330590,온두라스,,초보,2.21,KOTRA
330590,요르단,,초보,1.92,KOTRA
330590,우루과이,,초보,2.75,KOTRA
330590,우즈베키스탄,UZ,초보,2.97,KOTRA
330590,우크라이나,,초보,3.56,KOTRA
330590,이라크,IQ,초보,2.46,KOTRA
330590,이란,,초보,2.35,KOTRA
330590,이스라엘,,초보,3.73,KOTRA
330590,아이슬란드,,초보,2.62,KOTRA
330590,아르헨티나,,초보,2.26,KOTRA
330590,아르메니아,,초보,2.29,KOTRA
330590,부탄,,초보,2.9,KOTRA
330590,북마리아나제도,,초보,2.24,KOTRA
330590,불가리아,,초보,3.48,KOTRA
330590,브라질,BR,초보,3.62,KOTRA
330590,브루나이,,초보,2.67,KOTRA
330590,사우디아라비아,SA,초보,3.39,KOTRA
330590,세네갈,,초보,2.33,KOTRA
330590,세르비아,,초보,2.74,KOTRA
330590,세이셸,,초보,2.51,KOTRA
330590,소말리아,,초보,2.07,KOTRA
330590,수단,,초보,0.82,KOTRA
330590,스리랑카,,초보,3.19,KOTRA
330590,스웨덴,,초보,3.64,KOTRA
330590,스위스,,초보,3.26,KOTRA
330590,스페인,ES,초보,3.53,KOTRA
330590,슬로바키아,,초보,3.25,KOTRA
330590,슬로베니아,,초보,2.36,KOTRA
330590,싱가포르,SG,초보,7.64,KOTRA
330590,아랍에미리트,AE,초보,4.58,KOTRA
330590,아루바,,초보,1.82,KOTRA
330590,이탈리아,IT,초보,3.43,KOTRA
330590,인도,IN,초보,4.26,KOTRA
330590,탄자니아,,초보,1.71,KOTRA
330590,태국,TH,초보,5.45,KOTRA
330590,토고,,초보,1.88,KOTRA
330590,투르크메니스탄,,초보,2.99,KOTRA
330590,튀르키예,,초보,3.54,KOTRA
330590,트리니다드토바고,,초보,3.41,KOTRA
330590,파나마,,초보,2.44,KOTRA
330590,파라과이,,초보,2.59,KOTRA
330590,파키스탄,,초보,3.03,KOTRA
330590,페루,PE,초보,2.74,KOTRA
330590,포르투갈,,초보,2.98,KOTRA
330590,폴란드,PL,초보,3.38,KOTRA
330590,폴리네시아(프),,초보,2.82,KOTRA
330590,푸에르토리코,,초보,2.51,KOTRA
330590,프랑스,FR,초보,3.39,KOTRA
330590,피지,,초보,2.64,KOTRA
330590,핀란드,,초보,3.0,KOTRA
330590,필리핀,PH,초보,4.98,KOTRA
330590,헝가리,,초보,2.51,KOTRA
330590,호주,AU,초보,5.36,KOTRA
330590,타지키스탄,,초보,2.5,KOTRA
330590,키프로스,,초보,3.28,KOTRA
330590,키르기즈스탄,,초보,3.33,KOTRA
330590,인도네시아,ID,초보,3.93,KOTRA
330590,일본,JP,초보,9.69,KOTRA
330590,잠비아,,초보,2.22,KOTRA
330590,조지아,,초보,2.62,KOTRA
330590,중국,CN,초보,6.63,KOTRA
330590,지부티,,초보,2.25,KOTRA
330590,체코,,초보,3.23,KOTRA
330590,칠레,CL,초보,3.52,KOTRA
330590,카메룬,,초보,1.93,KOTRA
330590,카자흐스탄,KZ,초보,3.47,KOTRA
330590,카타르,QA,초보,2.99,KOTRA
330590,캄보디아,KH,초보,3.38,KOTRA
330590,캐나다,CA,초보,5.16,KOTRA
330590,케냐,,초보,2.11,KOTRA
330590,코스타리카,,초보,2.71,KOTRA
330590,코트디부아르,,초보,1.92,KOTRA
330590,콜롬비아,,초보,2.3,KOTRA
330590,쿠웨이트,KW,초보,3.54,KOTRA
330590,큐라소,,초보,2.93,KOTRA
330590,크로아티아,,초보,2.79,KOTRA
330590,부르키나파소,,초보,2.14,KOTRA
330590,볼리비아,,초보,2.5,KOTRA
330590,보스니아 헤르체고비나,,초보,2.24,KOTRA
330590,페루,PE,유망,3.36,KOTRA
330590,포르투갈,,유망,3.61,KOTRA
330590,폴란드,PL,유망,4.71,KOTRA
330590,폴리네시아(프),,유망,3.17,KOTRA
330590,푸에르토리코,,유망,2.85,KOTRA
330590,프랑스,FR,유망,4.47,KOTRA
330590,피지,,유망,3.2,KOTRA
330590,핀란드,,유망,3.66,KOTRA
330590,필리핀,PH,유망,6.7,KOTRA
330590,헝가리,,유망,3.11,KOTRA
330590,호주,AU,유망,7.29,KOTRA
330590,홍콩,HK,유망,11.88,KOTRA
330590,가나,,초보,1.88,KOTRA
330590,가이아나,,초보,2.53,KOTRA
330590,과테말라,,초보,3.07,KOTRA
330590,괌,GU,초보,3.12,KOTRA
330590,그리스,,초보,3.22,KOTRA
330590,기타국,,초보,2.88,KOTRA
330590,나이지리아,,초보,2.64,KOTRA
330590,남아프리카공화국,ZA,초보,3.09,KOTRA
330590,파키스탄,,유망,3.39,KOTRA
330590,파라과이,,유망,3.16,KOTRA
330590,파나마,,유망,2.93,KOTRA
330590,카자흐스탄,KZ,유망,4.83,KOTRA
330590,카타르,QA,유망,3.73,KOTRA
330590,캄보디아,KH,유망,4.46,KOTRA
330590,캐나다,CA,유망,7.2,KOTRA
300490,가나,,내수,1.35,KOTRA
300490,미국,US,유망,12.27,KOTRA
300490,미얀마,MM,유망,4.77,KOTRA
300490,바누아투,,유망,3.8,KOTRA
300490,바레인,,유망,2.94,KOTRA
300490,방글라데시,BD,유망,3.57,KOTRA
300490,베냉,,유망,2.62,KOTRA
300490,베네수엘라,,유망,3.61,KOTRA
300490,베트남,VN,유망,14.67,KOTRA
300490,벨기에,,유망,4.07,KOTRA
300490,벨라루스,,유망,2.34,KOTRA
300490,보스니아 헤르체고비나,,유망,3.26,KOTRA
300490,볼리비아,,유망,4.31,KOTRA
300490,부르키나파소,,유망,2.96,KOTRA
300490,부탄,,유망,2.89,KOTRA
300490,불가리아,,유망,4.35,KOTRA
300490,브라질,BR,유망,4.2,KOTRA
300490,브루나이,,유망,2.81,KOTRA
300490,사우디아라비아,SA,유망,3.74,KOTRA
300490,세네갈,,유망,3.2,KOTRA
300490,세르비아,,유망,3.09,KOTRA
300490,소말리아,,유망,2.59,KOTRA
300490,수단,,유망,1.12,KOTRA
300490,몽골,MN,유망,8.55,KOTRA
300490,몰타,,유망,3.25,KOTRA
300490,라오스,LA,유망,2.9,KOTRA
300490,라이베리아,,유망,2.2,KOTRA
300490,라트비아,,유망,3.1,KOTRA
300490,러시아연방,,유망,5.96,KOTRA
300490,레바논,,유망,4.36,KOTRA
300490,레유니온,,유망,3.44,KOTRA
300490,루마니아,,유망,4.15,KOTRA
300490,룩셈부르크,,유망,3.1,KOTRA
300490,르완다,,유망,2.42,KOTRA
300490,리비아,,유망,3.69,KOTRA
300490,리투아니아,,유망,3.64,KOTRA
300490,마다가스카르,,유망,2.93,KOTRA
300490,마샬 제도,,유망,3.15,KOTRA
300490,마카오,,유망,3.52,KOTRA
300490,마케도니아,,유망,3.22,KOTRA
300490,말라위,,유망,2.8,KOTRA
300490,말레이시아,MY,유망,7.61,KOTRA
300490,멕시코,MX,유망,5.14,KOTRA
300490,모로코,,유망,2.91,KOTRA
300490,모리셔스,,유망,3.7,KOTRA
300490,모잠비크,,유망,2.8,KOTRA
300490,몰다비아,,유망,3.85,KOTRA
300490,스리랑카,,유망,3.82,KOTRA
300490,스와질란드,,유망,1.99,KOTRA
300490,오스트리아,,유망,2.99,KOTRA
300490,요르단,,유망,3.42,KOTRA
300490,우간다,,유망,3.25,KOTRA
300490,우루과이,,유망,3.63,KOTRA
300490,우즈베키스탄,UZ,유망,4.17,KOTRA
300490,우크라이나,,유망,4.52,KOTRA
300490,이라크,IQ,유망,5.38,KOTRA
300490,이란,,유망,2.79,KOTRA
300490,이스라엘,,유망,4.22,KOTRA
300490,이집트,EG,유망,4.36,KOTRA
300490,이탈리아,IT,유망,4.7,KOTRA
300490,인도,IN,유망,4.93,KOTRA
300490,인도네시아,ID,유망,6.71,KOTRA
300490,일본,JP,유망,12.14,KOTRA
300490,자메이카,,유망,2.86,KOTRA
300490,잠비아,,유망,2.91,KOTRA
300490,조지아,,유망,4.08,KOTRA
300490,중국,CN,유망,9.82,KOTRA
300490,지부티,,유망,2.09,KOTRA
300490,짐바브웨,,유망,2.66,KOTRA
300490,체코,,유망,4.31,KOTRA
300490,칠레,CL,유망,4.78,KOTRA
300490,오만,OM,유망,2.77,KOTRA
300490,예멘,,유망,4.27,KOTRA
300490,스웨덴,,유망,3.54,KOTRA
300490,스위스,,유망,4.27,KOTRA
300490,스페인,ES,유망,4.28,KOTRA
300490,슬로바키아,,유망,3.73,KOTRA
300490,슬로베니아,,유망,2.62,KOTRA
300490,시리아,,유망,2.35,KOTRA
300490,시에라리온,,유망,2.9,KOTRA
300490,싱가포르,SG,유망,9.16,KOTRA
300490,아랍에미리트,AE,유망,6.97,KOTRA
300490,아르메니아,,유망,3.12,KOTRA
300490,아르헨티나,,유망,3.68,KOTRA
300490,아이티,,유망,2.32,KOTRA
300490,아일랜드,,유망,3.66,KOTRA
300490,아제르바이잔,,유망,4.52,KOTRA
300490,아프가니스탄,,유망,2.37,KOTRA
300490,알바니아,,유망,4.28,KOTRA
300490,알제리,,유망,3.53,KOTRA
300490,에스토니아,,유망,2.86,KOTRA
300490,에콰도르,,유망,5.02,KOTRA
300490,에티오피아,,유망,2.49,KOTRA
300490,엘살바도르,,유망,3.71,KOTRA
300490,영국,GB,유망,5.57,KOTRA
300490,독일,DE,유망,5.98,KOTRA
300490,도미니카공화국,,유망,3.65,KOTRA
300490,이탈리아,IT,성장,6.08,KOTRA
300490,인도,IN,성장,6.5,KOTRA
300490,인도네시아,ID,성장,14.38,KOTRA
300490,일본,JP,성장,16.34,KOTRA
300490,자메이카,,성장,3.12,KOTRA
300490,잠비아,,성장,3.44,KOTRA
300490,조지아,,성장,6.33,KOTRA
300490,중국,CN,성장,14.8,KOTRA
300490,지부티,,성장,2.46,KOTRA
300490,짐바브웨,,성장,3.19,KOTRA
300490,체코,,성장,5.91,KOTRA
300490,칠레,CL,성장,6.71,KOTRA
300490,카메룬,,성장,3.07,KOTRA
300490,카자흐스탄,KZ,성장,9.37,KOTRA
300490,카타르,QA,성장,2.61,KOTRA
300490,캄보디아,KH,성장,9.66,KOTRA
300490,캐나다,CA,성장,6.52,KOTRA
300490,케냐,,성장,4.3,KOTRA
300490,코스타리카,,성장,4.84,KOTRA
300490,코트디부아르,,성장,3.62,KOTRA
300490,콜롬비아,,성장,5.22,KOTRA
300490,콩고,,성장,3.34,KOTRA
300490,이집트,EG,성장,5.12,KOTRA
300490,이스라엘,,성장,5.24,KOTRA
300490,아르헨티나,,성장,4.64,KOTRA
300490,아이티,,성장,2.73,KOTRA
300490,아일랜드,,성장,4.36,KOTRA
300490,아제르바이잔,,성장,6.83,KOTRA
300490,아프가니스탄,,성장,2.77,KOTRA
300490,알바니아,,성장,5.28,KOTRA
300490,알제리,,성장,4.58,KOTRA
300490,에스토니아,,성장,3.32,KOTRA
300490,에콰도르,,성장,6.56,KOTRA
300490,에티오피아,,성장,3.0,KOTRA
300490,엘살바도르,,성장,4.33,KOTRA
300490,영국,GB,성장,8.94,KOTRA
300490,예멘,,성장,5.66,KOTRA
300490,오만,OM,성장,3.57,KOTRA
300490,오스트리아,,성장,4.23,KOTRA
300490,요르단,,성장,4.47,KOTRA
300490,우간다,,성장,4.02,KOTRA
300490,우루과이,,성장,4.55,KOTRA
300490,우즈베키스탄,UZ,성장,5.81,KOTRA
300490,우크라이나,,성장,7.81,KOTRA
300490,이라크,IQ,성장,6.7,KOTRA
300490,이란,,성장,3.71,KOTRA
300490,콩고민주공화국,,성장,3.0,KOTRA
300490,쿠바,,성장,2.69,KOTRA
300490,필리핀,PH,성장,16.28,KOTRA
300490,헝가리,,성장,5.36,KOTRA
300490,호주,AU,성장,7.79,KOTRA
300490,홍콩,HK,성장,15.96,KOTRA
300490,가나,,유망,3.29,KOTRA
300490,가봉,,유망,3.23,KOTRA
300490,가이아나,,유망,3.16,KOTRA
300490,과테말라,,유망,3.68,KOTRA
300490,괌,GU,유망,3.48,KOTRA
300490,그리스,,유망,3.46,KOTRA
300490,기니,,유망,3.08,KOTRA
300490,나미비아,,유망,1.65,KOTRA
300490,나이지리아,,유망,4.83,KOTRA
300490,남극,,유망,2.98,KOTRA
300490,남아프리카공화국,ZA,유망,3.39,KOTRA
300490,네덜란드,NL,유망,3.93,KOTRA
300490,네팔,,유망,2.97,KOTRA
300490,노르웨이,,유망,3.16,KOTRA
300490,뉴질랜드,,유망,4.23,KOTRA
300490,니카라과,,유망,2.72,KOTRA
300490,대만,TW,유망,6.55,KOTRA
300490,덴마크,,유망,3.94,KOTRA
300490,핀란드,,성장,4.66,KOTRA
300490,피지,,성장,2.76,KOTRA
300490,쿠웨이트,KW,성장,5.98,KOTRA
300490,큐라소,,성장,3.67,KOTRA
300490,크로아티아,,성장,3.47,KOTRA
300490,키르기즈스탄,,성장,6.57,KOTRA
300490,키리바시,,성장,4.53,KOTRA
300490,키프로스,,성장,4.61,KOTRA
300490,타지키스탄,,성장,4.53,KOTRA
300490,탄자니아,,성장,3.86,KOTRA
300490,태국,TH,성장,15.41,KOTRA
300490,토고,,성장,2.76,KOTRA
300490,튀니지,,성장,3.49,KOTRA
300490,튀르키예,,성장,6.18,KOTRA
300490,트리니다드토바고,,성장,3.66,KOTRA
300490,파나마,,성장,5.21,KOTRA
300490,파라과이,,성장,4.37,KOTRA
300490,파키스탄,,성장,8.02,KOTRA
300490,팔레스타인,,성장,1.82,KOTRA
300490,페루,PE,성장,8.07,KOTRA
300490,포르투갈,,성장,4.96,KOTRA
300490,폴란드,PL,성장,7.62,KOTRA
300490,푸에르토리코,,성장,3.06,KOTRA
300490,프랑스,FR,성장,8.25,KOTRA
300490,카메룬,,유망,2.77,KOTRA
300490,카자흐스탄,KZ,유망,4.3,KOTRA
300490,카타르,QA,유망,1.93,KOTRA
300490,알바니아,,초보,4.13,KOTRA
300490,알제리,,초보,2.95,KOTRA
300490,에스토니아,,초보,2.4,KOTRA
300490,에콰도르,,초보,4.08,KOTRA
300490,에티오피아,,초보,2.15,KOTRA
300490,엘살바도르,,초보,3.39,KOTRA
300490,영국,GB,초보,3.91,KOTRA
300490,예멘,,초보,3.53,KOTRA
300490,오만,OM,초보,2.38,KOTRA
300490,오스트리아,,초보,2.62,KOTRA
300490,요르단,,초보,3.12,KOTRA
300490,우간다,,초보,2.8,KOTRA
300490,우루과이,,초보,3.07,KOTRA
300490,우즈베키스탄,UZ,초보,3.45,KOTRA
300490,우크라이나,,초보,3.24,KOTRA
300490,이라크,IQ,초보,3.82,KOTRA
300490,이란,,초보,2.48,KOTRA
300490,이스라엘,,초보,3.98,KOTRA
300490,이집트,EG,초보,3.83,KOTRA
300490,이탈리아,IT,초보,3.4,KOTRA
300490,인도,IN,초보,4.15,KOTRA
300490,인도네시아,ID,초보,4.58,KOTRA
300490,아프가니스탄,,초보,2.05,KOTRA
300490,아제르바이잔,,초보,3.85,KOTRA
300490,브라질,BR,초보,3.81,KOTRA
300490,브루나이,,초보,2.41,KOTRA
300490,사우디아라비아,SA,초보,3.71,KOTRA
300490,세네갈,,초보,2.86,KOTRA
300490,세르비아,,초보,2.65,KOTRA
300490,소말리아,,초보,2.33,KOTRA
300490,수단,,초보,0.94,KOTRA
300490,스리랑카,,초보,3.24,KOTRA
300490,스와질란드,,초보,1.76,KOTRA
300490,스웨덴,,초보,2.98,KOTRA
300490,스위스,,초보,3.27,KOTRA
300490,스페인,ES,초보,3.5,KOTRA
300490,슬로바키아,,초보,3.02,KOTRA
300490,슬로베니아,,초보,2.27,KOTRA
300490,시리아,,초보,2.1,KOTRA
300490,시에라리온,,초보,2.8,KOTRA
300490,싱가포르,SG,초보,6.81,KOTRA
300490,아랍에미리트,AE,초보,4.14,KOTRA
300490,아르메니아,,초보,2.49,KOTRA
300490,아르헨티나,,초보,3.17,KOTRA
300490,아이티,,초보,1.96,KOTRA
300490,아일랜드,,초보,3.04,KOTRA
300490,일본,JP,초보,7.69,KOTRA
300490,자메이카,,초보,2.61,KOTRA
300490,키프로스,,초보,3.41,KOTRA
300490,타지키스탄,,초보,3.15,KOTRA
300490,탄자니아,,초보,2.67,KOTRA
300490,태국,TH,초보,5.63,KOTRA
300490,토고,,초보,2.11,KOTRA
300490,튀니지,,초보,2.58,KOTRA
300490,튀르키예,,초보,3.75,KOTRA
300490,트리니다드토바고,,초보,3.3,KOTRA
300490,파나마,,초보,3.57,KOTRA
300490,파라과이,,초보,2.86,KOTRA
300490,파키스탄,,초보,4.02,KOTRA
300490,팔레스타인,,초보,1.39,KOTRA
300490,페루,PE,초보,3.55,KOTRA
300490,포르투갈,,초보,3.12,KOTRA
300490,폴란드,PL,초보,3.61,KOTRA
300490,푸에르토리코,,초보,2.27,KOTRA
300490,프랑스,FR,초보,3.87,KOTRA
300490,피지,,초보,2.06,KOTRA
300490,핀란드,,초보,3.04,KOTRA
300490,필리핀,PH,초보,6.2,KOTRA
300490,헝가리,,초보,3.19,KOTRA
300490,호주,AU,초보,4.81,KOTRA
300490,키리바시,,초보,4.77,KOTRA
300490,키르기즈스탄,,초보,3.66,KOTRA
300490,잠비아,,초보,2.48,KOTRA
300490,조지아,,초보,3.44,KOTRA
300490,중국,CN,초보,5.54,KOTRA
300490,지부티,,초보,1.9,KOTRA
300490,짐바브웨,,초보,2.23,KOTRA
300490,체코,,초보,3.88,KOTRA
300490,칠레,CL,초보,3.93,KOTRA
300490,카메룬,,초보,2.46,KOTRA
300490,카자흐스탄,KZ,초보,3.67,KOTRA
300490,카타르,QA,초보,1.62,KOTRA
300490,캄보디아,KH,초보,4.18,KOTRA
300490,캐나다,CA,초보,3.73,KOTRA
300490,케냐,,초보,3.29,KOTRA
300490,코스타리카,,초보,3.44,KOTRA
300490,코트디부아르,,초보,3.15,KOTRA
300490,콜롬비아,,초보,3.52,KOTRA
300490,콩고,,초보,2.61,KOTRA
300490,콩고민주공화국,,초보,2.4,KOTRA
300490,쿠바,,초보,2.08,KOTRA
300490,쿠웨이트,KW,초보,3.19,KOTRA
300490,큐라소,,초보,3.12,KOTRA
300490,크로아티아,,초보,2.65,KOTRA
300490,불가리아,,초보,3.57,KOTRA
300490,부탄,,초보,2.57,KOTRA
300490,파키스탄,,유망,4.74,KOTRA
300490,팔레스타인,,유망,1.58,KOTRA
300490,페루,PE,유망,5.33,KOTRA
300490,포르투갈,,유망,3.76,KOTRA
300490,폴란드,PL,유망,4.93,KOTRA
300490,푸에르토리코,,유망,2.47,KOTRA
300490,프랑스,FR,유망,4.68,KOTRA
300490,피지,,유망,2.39,KOTRA
300490,핀란드,,유망,3.62,KOTRA
300490,필리핀,PH,유망,10.07,KOTRA
