국가명,담당무역관,바이어유형,바이어수,country_iso
EU,뉴욕무역관,일반,4,EU
EU,런던무역관,일반,1,EU
EU,로스앤젤레스무역관,일반,1,EU
EU,마드리드무역관,일반,1,EU
EU,밀라노무역관,일반,22,EU
EU,베이징무역관,일반,2,EU
EU,부쿠레슈티무역관,일반,1,EU
EU,브라티슬라바무역관,일반,1,EU
EU,싱가포르무역관,일반,19,EU
EU,파리무역관,일반,5,EU
EU,프랑크푸르트무역관,글로벌,1,EU
EU,프랑크푸르트무역관,일반,2,EU
EU,함부르크무역관,일반,7,EU
가나,과테말라무역관,일반,1,GH
가나,광저우무역관,일반,1,GH
가나,나이로비무역관,일반,2,GH
가나,뉴욕무역관,일반,2,GH
가나,두바이무역관,일반,14,GH
가나,런던무역관,일반,1,GH
가나,로스앤젤레스무역관,일반,1,GH
가나,뭄바이무역관,일반,1,GH
가나,뮌헨무역관,일반,1,GH
가나,싱가포르무역관,일반,3,GH
가나,아비장무역관,일반,1,GH
가나,아크라무역관,글로벌,4,GH
가나,아크라무역관,유력,16,GH
가나,아크라무역관,일반,669,GH
가나,요하네스버그무역관,일반,2,GH
가나,함부르크무역관,일반,1,GH
가봉,라고스무역관,일반,3,
가봉,마푸투무역관,일반,1,
가봉,킨샤사무역관,일반,12,
가봉,파리무역관,일반,1,
가이아나,달라스무역관,일반,1,
가이아나,상하이무역관,일반,1,
가이아나,카라카스무역관,일반,13,
가이아나,파나마무역관,일반,3,
감비아,아비장무역관,일반,7,
건지섬,다카무역관,일반,1,
건지섬,런던무역관,일반,1,
과들루프,소피아무역관,일반,1,
과들루프,파나마무역관,일반,10,
과들루프,파리무역관,일반,1,
과테말라,과테말라무역관,글로벌,2,
과테말라,과테말라무역관,유력,7,
과테말라,과테말라무역관,일반,1382,
과테말라,뉴욕무역관,일반,17,
과테말라,로스앤젤레스무역관,일반,2,
과테말라,멕시코시티무역관,일반,4,
과테말라,밀라노무역관,일반,2,
과테말라,상파울루무역관,일반,1,
과테말라,시카고무역관,일반,4,
과테말라,파나마무역관,일반,3,
괌,달라스무역관,일반,1,
괌,로스앤젤레스무역관,일반,4,
군소 외곽제도,멕시코시티무역관,일반,1,
군소 외곽제도,파리무역관,일반,2,
그레나다,상하이무역관,일반,1,
그레나다,카라카스무역관,일반,1,
그리스,광저우무역관,일반,2,
그리스,뉴욕무역관,일반,4,
그리스,다롄무역관,글로벌,1,
그리스,다롄무역관,일반,1,
그리스,두바이무역관,일반,8,
그리스,런던무역관,일반,4,
그리스,마닐라무역관,일반,1,
그리스,마드리드무역관,일반,1,
그리스,뮌헨무역관,일반,3,
그리스,밀라노무역관,일반,76,
그리스,상하이무역관,일반,16,
그리스,실리콘밸리무역관,일반,2,
그리스,싱가포르무역관,일반,10,
그리스,아테네무역관,글로벌,1,
그리스,아테네무역관,유력,3,
그리스,아테네무역관,일반,1665,
그리스,암스테르담무역관,일반,2,
그리스,워싱톤무역관,일반,2,
그리스,이스탄불무역관,일반,1,
그리스,취리히무역관,일반,5,
그리스,파리무역관,일반,20,
그리스,프랑크푸르트무역관,일반,4,
그리스,함부르크무역관,일반,15,
그리스,홍콩무역관,일반,4,
그린란드,다롄무역관,일반,1,
그린란드,스톡홀름무역관,일반,1,
기니,상하이무역관,일반,1,
기니,아비장무역관,일반,54,
기니,파리무역관,일반,1,
기니비사우,마닐라무역관,일반,1,
기니비사우,아비장무역관,일반,1,
기타국,싱가포르무역관,일반,1,
나미비아,마푸투무역관,일반,1,
나미비아,시카고무역관,일반,1,
나미비아,요하네스버그무역관,일반,24,
나미비아,카사블랑카무역관,일반,1,
나우루,시드니무역관,일반,1,
나이지리아,광저우무역관,일반,1,NG
나이지리아,나이로비무역관,일반,5,NG
나이지리아,뉴델리무역관,일반,1,NG
나이지리아,뉴욕무역관,일반,4,NG
나이지리아,달라스무역관,일반,1,NG
나이지리아,두바이무역관,일반,14,NG
나이지리아,라고스무역관,글로벌,13,NG
나이지리아,라고스무역관,유력,4,NG
나이지리아,라고스무역관,일반,2000,NG
나이지리아,런던무역관,일반,3,NG
나이지리아,밀라노무역관,일반,8,NG
나이지리아,밴쿠버무역관,일반,2,NG
나이지리아,상하이무역관,일반,1,NG
나이지리아,실리콘밸리무역관,일반,1,NG
나이지리아,아디스아바바무역관,일반,1,NG
나이지리아,아비장무역관,일반,1,NG
나이지리아,요하네스버그무역관,일반,3,NG
나이지리아,파리무역관,일반,4,NG
나이지리아,홍콩무역관,일반,2,NG
남극,하노이무역관,일반,1,
남수단,상하이무역관,일반,1,
남수단,카라치무역관,일반,1,
남수단,카르툼무역관,일반,1,
남아프리카,광저우무역관,일반,2,
남아프리카,뉴욕무역관,일반,2,
남아프리카,도하무역관,일반,1,
남아프리카,두바이무역관,일반,14,
남아프리카,라고스무역관,일반,2,
남아프리카,런던무역관,일반,2,
남아프리카,로스앤젤레스무역관,일반,2,
남아프리카,마드리드무역관,일반,2,
남아프리카,마푸투무역관,일반,2,
남아프리카,밀라노무역관,일반,21,
남아프리카,밴쿠버무역관,일반,1,
남아프리카,상하이무역관,일반,3,
남아프리카,시카고무역관,일반,3,
남아프리카,싱가포르무역관,일반,9,
남아프리카,암스테르담무역관,일반,2,
남아프리카,요하네스버그무역관,글로벌,5,
남아프리카,요하네스버그무역관,유력,11,
남아프리카,요하네스버그무역관,일반,2537,
남아프리카,워싱톤무역관,일반,1,
남아프리카,취리히무역관,일반,1,
남아프리카,쿠알라룸푸르무역관,일반,1,
남아프리카,파리무역관,일반,3,
남아프리카,함부르크무역관,일반,7,
남아프리카,홍콩무역관,일반,5,
네덜란드,뉴욕무역관,일반,9,NL
네덜란드,달라스무역관,일반,1,NL
네덜란드,두바이무역관,일반,11,NL
네덜란드,런던무역관,일반,10,NL
네덜란드,로스앤젤레스무역관,일반,1,NL
네덜란드,리야드무역관,일반,1,NL
네덜란드,마드리드무역관,일반,5,NL
네덜란드,뮌헨무역관,일반,9,NL
네덜란드,밀라노무역관,일반,75,NL
네덜란드,브뤼셀무역관,일반,1,NL
네덜란드,상트페테르부르크무역관,일반,1,NL
네덜란드,상하이무역관,일반,5,NL
네덜란드,시카고무역관,일반,2,NL
네덜란드,실리콘밸리무역관,일반,7,NL
네덜란드,싱가포르무역관,일반,10,NL
네덜란드,아테네무역관,일반,1,NL
네덜란드,암스테르담무역관,글로벌,76,NL
네덜란드,암스테르담무역관,유력,93,NL
네덜란드,암스테르담무역관,일반,2274,NL
네덜란드,요하네스버그무역관,일반,1,NL
네덜란드,이스탄불무역관,일반,1,NL
네덜란드,자카르타무역관,일반,1,NL
네덜란드,취리히무역관,일반,6,NL
네덜란드,타이베이무역관,일반,1,NL
네덜란드,파리무역관,일반,21,NL
네덜란드,프랑크푸르트무역관,일반,10,NL
네덜란드,함부르크무역관,일반,43,NL
네덜란드,홍콩무역관,일반,5,NL
네덜란드령앤틸리스,로스앤젤레스무역관,일반,1,
네덜란드령앤틸리스,암스테르담무역관,일반,1,
네덜란드령앤틸리스,파나마무역관,일반,1,
네팔,광저우무역관,일반,4,
네팔,뉴델리무역관,글로벌,2,
네팔,뉴델리무역관,일반,67,
네팔,뉴욕무역관,일반,2,
네팔,두바이무역관,일반,8,
네팔,밀라노무역관,일반,3,
네팔,상하이무역관,일반,3,
네팔,스톡홀름무역관,일반,1,
네팔,싱가포르무역관,일반,5,
네팔,울란바토르무역관,일반,1,
노르웨이,나이로비무역관,일반,1,
노르웨이,뉴욕무역관,일반,1,
노르웨이,다롄무역관,글로벌,1,
노르웨이,두바이무역관,일반,2,
노르웨이,런던무역관,일반,5,
노르웨이,로스앤젤레스무역관,일반,2,
노르웨이,마드리드무역관,일반,1,
노르웨이,무스카트무역관,일반,1,
노르웨이,뮌헨무역관,일반,2,
노르웨이,밀라노무역관,일반,15,
노르웨이,베이징무역관,일반,2,
노르웨이,브뤼셀무역관,일반,1,
노르웨이,상하이무역관,일반,3,
노르웨이,수라바야무역관,일반,1,
노르웨이,스톡홀름무역관,글로벌,2,
노르웨이,스톡홀름무역관,유력,2,
노르웨이,스톡홀름무역관,일반,348,
노르웨이,시드니무역관,일반,1,
노르웨이,시카고무역관,일반,1,
노르웨이,실리콘밸리무역관,일반,2,
노르웨이,싱가포르무역관,일반,5,
노르웨이,워싱톤무역관,일반,2,
노르웨이,취리히무역관,일반,1,
노르웨이,코펜하겐무역관,일반,4,
노르웨이,파리무역관,일반,2,
노르웨이,프랑크푸르트무역관,일반,6,
노르웨이,함부르크무역관,일반,11,
노르웨이,헬싱키무역관,일반,2,
노르웨이,홍콩무역관,일반,3,
뉴질랜드,과테말라무역관,일반,1,NZ
뉴질랜드,광저우무역관,일반,3,NZ
뉴질랜드,나고야무역관,일반,1,NZ
뉴질랜드,나이로비무역관,일반,1,NZ
뉴질랜드,난징무역관,일반,1,NZ
뉴질랜드,노보시비르스크무역관,일반,1,NZ
뉴질랜드,뉴욕무역관,일반,2,NZ
뉴질랜드,다레살람무역관,일반,1,NZ
뉴질랜드,다롄무역관,일반,1,NZ
뉴질랜드,다마스커스무역관,일반,1,NZ
뉴질랜드,달라스무역관,일반,1,NZ
뉴질랜드,도쿄무역관,일반,1,NZ
뉴질랜드,도하무역관,일반,1,NZ
뉴질랜드,두바이무역관,일반,1,NZ
뉴질랜드,로스앤젤레스무역관,일반,3,NZ
뉴질랜드,리마무역관,일반,1,NZ
뉴질랜드,리야드무역관,일반,1,NZ
뉴질랜드,리우데자네이루무역관,일반,1,NZ
뉴질랜드,마닐라무역관,일반,1,NZ
뉴질랜드,마드리드무역관,일반,1,NZ
뉴질랜드,마이애미무역관,일반,1,NZ
뉴질랜드,마푸투무역관,일반,1,NZ
뉴질랜드,멜버른무역관,일반,3,NZ
뉴질랜드,무스카트무역관,일반,1,NZ
뉴질랜드,뮌헨무역관,일반,1,NZ
뉴질랜드,민스크무역관,일반,1,NZ
뉴질랜드,밀라노무역관,일반,7,NZ
뉴질랜드,바그다드무역관,일반,1,NZ
뉴질랜드,바르샤바무역관,일반,1,NZ
뉴질랜드,바쿠무역관,일반,1,NZ
뉴질랜드,베오그라드무역관,일반,1,NZ
뉴질랜드,벵갈루루무역관,일반,1,NZ
뉴질랜드,보고타무역관,일반,1,NZ
뉴질랜드,부다페스트무역관,일반,1,NZ
뉴질랜드,부에노스아이레스무역관,일반,1,NZ
뉴질랜드,부쿠레슈티무역관,일반,1,NZ
뉴질랜드,브뤼셀무역관,일반,1,NZ
뉴질랜드,블라디보스톡무역관,일반,1,NZ
뉴질랜드,비엔티안무역관,일반,1,NZ
뉴질랜드,빈무역관,일반,1,NZ
뉴질랜드,산토도밍고무역관,일반,1,NZ
뉴질랜드,산티아고무역관,일반,2,NZ
뉴질랜드,상트페테르부르크무역관,일반,1,NZ
뉴질랜드,상하이무역관,일반,5,NZ
뉴질랜드,샤먼무역관,일반,1,NZ
뉴질랜드,선양무역관,일반,1,NZ
뉴질랜드,선전무역관,일반,1,NZ
뉴질랜드,소피아무역관,일반,1,NZ
뉴질랜드,스톡홀름무역관,일반,1,NZ
뉴질랜드,시드니무역관,일반,2,NZ
뉴질랜드,시안무역관,일반,1,NZ
뉴질랜드,시카고무역관,일반,1,NZ
뉴질랜드,싱가포르무역관,일반,12,NZ
뉴질랜드,아디스아바바무역관,일반,1,NZ
뉴질랜드,아순시온무역관,일반,1,NZ
뉴질랜드,아테네무역관,일반,1,NZ
뉴질랜드,알제무역관,일반,1,NZ
뉴질랜드,암만무역관,일반,1,NZ
뉴질랜드,암스테르담무역관,일반,2,NZ
뉴질랜드,양곤무역관,일반,1,NZ
뉴질랜드,오사카무역관,일반,1,NZ
뉴질랜드,오클랜드무역관,글로벌,11,NZ
뉴질랜드,오클랜드무역관,유력,10,NZ
뉴질랜드,오클랜드무역관,일반,1083,NZ
뉴질랜드,우한무역관,일반,1,NZ
뉴질랜드,울란바토르무역관,일반,1,NZ
뉴질랜드,워싱톤무역관,일반,1,NZ
뉴질랜드,자그레브무역관,일반,1,NZ
뉴질랜드,정저우무역관,일반,1,NZ
뉴질랜드,창사무역관,일반,1,NZ
뉴질랜드,청두무역관,일반,1,NZ
뉴질랜드,첸나이무역관,일반,1,NZ
뉴질랜드,충칭무역관,일반,1,NZ
뉴질랜드,취리히무역관,일반,2,NZ
뉴질랜드,칭다오무역관,일반,1,NZ
뉴질랜드,카라카스무역관,일반,1,NZ
뉴질랜드,카르툼무역관,일반,1,NZ
뉴질랜드,카사블랑카무역관,일반,1,NZ
뉴질랜드,코펜하겐무역관,일반,1,NZ
뉴질랜드,콜롬보무역관,일반,1,NZ
뉴질랜드,쿠웨이트무역관,일반,1,NZ
뉴질랜드,키예프무역관,일반,1,NZ
뉴질랜드,키토무역관,일반,1,NZ
뉴질랜드,킨샤사무역관,일반,1,NZ
뉴질랜드,타슈켄트무역관,일반,1,NZ
뉴질랜드,타이베이무역관,일반,1,NZ
뉴질랜드,텔아비브무역관,일반,1,NZ
뉴질랜드,톈진무역관,일반,1,NZ
뉴질랜드,트리폴리무역관,일반,1,NZ
뉴질랜드,파나마무역관,일반,1,NZ
뉴질랜드,파리무역관,일반,3,NZ
뉴질랜드,프놈펜무역관,일반,1,NZ
뉴질랜드,프라하무역관,일반,1,NZ
뉴질랜드,함부르크무역관,일반,3,NZ
뉴질랜드,항저우무역관,일반,1,NZ
뉴질랜드,헬싱키무역관,일반,1,NZ
뉴질랜드,홍콩무역관,일반,8,NZ
뉴질랜드,후쿠오카무역관,일반,1,NZ
뉴캘러도니아,마닐라무역관,일반,2,
뉴캘러도니아,시드니무역관,일반,2,
뉴캘러도니아,싱가포르무역관,일반,1,
뉴캘러도니아,오클랜드무역관,일반,1,
니우에섬,라고스무역관,일반,1,
니제르,두바이무역관,일반,1,
니제르,라고스무역관,일반,1,
니제르,상하이무역관,일반,1,
니제르,싱가포르무역관,일반,1,
니제르,아비장무역관,일반,1,
니제르,프랑크푸르트무역관,일반,1,
니카라과,과테말라무역관,일반,1,
니카라과,뉴욕무역관,일반,10,
니카라과,로스앤젤레스무역관,일반,2,
니카라과,시카고무역관,일반,1,
니카라과,파나마무역관,유력,1,
니카라과,파나마무역관,일반,129,
덴마크,뉴욕무역관,일반,4,
덴마크,달라스무역관,일반,1,
덴마크,두바이무역관,일반,1,
덴마크,런던무역관,일반,4,
덴마크,로스앤젤레스무역관,일반,4,
덴마크,마드리드무역관,일반,1,
덴마크,뮌헨무역관,일반,3,
덴마크,밀라노무역관,일반,29,
덴마크,상하이무역관,일반,2,
덴마크,스톡홀름무역관,일반,4,
덴마크,시카고무역관,일반,1,
덴마크,싱가포르무역관,일반,4,
덴마크,아테네무역관,일반,1,
덴마크,암스테르담무역관,일반,2,
덴마크,취리히무역관,일반,6,
덴마크,코펜하겐무역관,글로벌,47,
덴마크,코펜하겐무역관,유력,12,
덴마크,코펜하겐무역관,일반,1262,
덴마크,파리무역관,일반,9,
덴마크,프랑크푸르트무역관,일반,2,
덴마크,함부르크무역관,일반,24,
덴마크,헬싱키무역관,일반,1,
덴마크,홍콩무역관,일반,5,
도미니카,뉴델리무역관,일반,22,
도미니카,뉴욕무역관,일반,2,
도미니카,산토도밍고무역관,일반,7,
도미니카,싱가포르무역관,일반,1,
도미니카공화국,뉴욕무역관,일반,16,
도미니카공화국,로스앤젤레스무역관,일반,7,
도미니카공화국,마이애미무역관,일반,1,
도미니카공화국,뮌헨무역관,일반,1,
도미니카공화국,산토도밍고무역관,글로벌,4,
도미니카공화국,산토도밍고무역관,유력,3,
도미니카공화국,산토도밍고무역관,일반,881,
도미니카공화국,소피아무역관,일반,1,
도미니카공화국,시카고무역관,일반,4,
독일,광저우무역관,일반,2,DE
독일,뉴델리무역관,일반,1,DE
독일,뉴욕무역관,일반,33,DE
독일,도쿄무역관,일반,1,DE
독일,두바이무역관,일반,13,DE
독일,런던무역관,일반,11,DE
독일,로스앤젤레스무역관,일반,12,DE
독일,마드리드무역관,일반,9,DE
독일,뭄바이무역관,일반,2,DE
독일,뮌헨무역관,글로벌,104,DE
독일,뮌헨무역관,유력,17,DE
독일,뮌헨무역관,일반,1228,DE
독일,밀라노무역관,일반,169,DE
독일,베이징무역관,일반,5,DE
독일,브뤼셀무역관,일반,1,DE
독일,상트페테르부르크무역관,일반,3,DE
독일,상하이무역관,일반,11,DE
독일,선전무역관,일반,3,DE
독일,시카고무역관,일반,4,DE
독일,실리콘밸리무역관,글로벌,1,DE
독일,실리콘밸리무역관,일반,18,DE
독일,싱가포르무역관,일반,12,DE
독일,아바나무역관,일반,1,DE
독일,아테네무역관,일반,2,DE
독일,암스테르담무역관,일반,13,DE
독일,오사카무역관,일반,1,DE
독일,워싱톤무역관,일반,4,DE
독일,취리히무역관,글로벌,3,DE
독일,취리히무역관,일반,31,DE
독일,타이베이무역관,일반,1,DE
독일,파리무역관,일반,49,DE
독일,프랑크푸르트무역관,글로벌,148,DE
독일,프랑크푸르트무역관,유력,78,DE
독일,프랑크푸르트무역관,일반,4443,DE
독일,하노이무역관,일반,1,DE
독일,함부르크무역관,글로벌,77,DE
독일,함부르크무역관,유력,24,DE
독일,함부르크무역관,일반,2621,DE
독일,헬싱키무역관,일반,1,DE
독일,홍콩무역관,일반,29,DE
동티모르,샤먼무역관,일반,1,
동티모르,자카르타무역관,일반,1,
동티모르,키토무역관,일반,4,
동티모르 민주공화국,싱가포르무역관,일반,1,
동티모르 민주공화국,함부르크무역관,일반,1,
라오스,광저우무역관,일반,1,
라오스,블라디보스톡무역관,일반,1,
라오스,비엔티안무역관,글로벌,6,
라오스,비엔티안무역관,유력,5,
라오스,비엔티안무역관,일반,961,
라오스,빈무역관,일반,1,
라오스,싱가포르무역관,일반,4,
라오스,하노이무역관,일반,2,
라이베리아,아비장무역관,일반,11,
라트비아,뉴욕무역관,일반,1,
라트비아,두바이무역관,일반,5,
라트비아,마드리드무역관,일반,1,
라트비아,모스크바무역관,일반,8,
라트비아,뮌헨무역관,일반,1,
라트비아,민스크무역관,일반,1,
라트비아,밀라노무역관,일반,14,
라트비아,바르샤바무역관,일반,1,
라트비아,바쿠무역관,일반,1,
라트비아,베오그라드무역관,일반,1,
라트비아,상하이무역관,일반,1,
라트비아,스톡홀름무역관,글로벌,1,
라트비아,스톡홀름무역관,유력,2,
라트비아,스톡홀름무역관,일반,80,
라트비아,싱가포르무역관,일반,1,
라트비아,암스테르담무역관,일반,2,
라트비아,취리히무역관,일반,2,
라트비아,코펜하겐무역관,일반,1,
라트비아,파리무역관,일반,2,
라트비아,프라하무역관,일반,1,
라트비아,프랑크푸르트무역관,일반,1,
라트비아,함부르크무역관,일반,1,
라트비아,헬싱키무역관,일반,19,
라트비아,홍콩무역관,일반,2,
러시아연방,광저우무역관,일반,9,
러시아연방,노보시비르스크무역관,글로벌,41,
러시아연방,노보시비르스크무역관,유력,226,
러시아연방,노보시비르스크무역관,일반,1449,
러시아연방,뉴욕무역관,일반,5,
러시아연방,두바이무역관,일반,65,
러시아연방,라고스무역관,일반,1,
러시아연방,런던무역관,일반,5,
러시아연방,로스앤젤레스무역관,일반,4,
러시아연방,마드리드무역관,일반,4,
러시아연방,멜버른무역관,일반,1,
러시아연방,모스크바무역관,글로벌,75,
러시아연방,모스크바무역관,유력,67,
러시아연방,모스크바무역관,일반,9287,
러시아연방,무스카트무역관,일반,1,
러시아연방,뭄바이무역관,일반,1,
러시아연방,뮌헨무역관,일반,1,
러시아연방,민스크무역관,일반,1,
러시아연방,밀라노무역관,일반,66,
러시아연방,바르샤바무역관,일반,1,
러시아연방,방콕무역관,일반,1,
러시아연방,베이징무역관,일반,3,
러시아연방,블라디보스톡무역관,글로벌,3,
러시아연방,블라디보스톡무역관,유력,18,
러시아연방,블라디보스톡무역관,일반,1915,
러시아연방,산티아고무역관,일반,1,
러시아연방,상트페테르부르크무역관,글로벌,14,
러시아연방,상트페테르부르크무역관,유력,21,
러시아연방,상트페테르부르크무역관,일반,1718,
러시아연방,상파울루무역관,일반,1,
러시아연방,상하이무역관,일반,18,
러시아연방,시카고무역관,일반,2,
러시아연방,실리콘밸리무역관,일반,4,
러시아연방,싱가포르무역관,일반,44,
러시아연방,아바나무역관,일반,2,
러시아연방,아테네무역관,일반,1,
러시아연방,암스테르담무역관,일반,10,
러시아연방,워싱톤무역관,일반,1,
러시아연방,취리히무역관,일반,5,
러시아연방,타이베이무역관,일반,3,
러시아연방,파리무역관,일반,9,
러시아연방,프라하무역관,일반,3,
러시아연방,프랑크푸르트무역관,일반,2,
러시아연방,함부르크무역관,일반,23,
러시아연방,홍콩무역관,일반,55,
레바논,광저우무역관,일반,5,
레바논,다마스커스무역관,일반,2,
레바논,도하무역관,일반,2,
레바논,두바이무역관,일반,123,
레바논,런던무역관,일반,2,
레바논,마드리드무역관,일반,3,
레바논,밀라노무역관,일반,22,
레바논,바그다드무역관,일반,2,
레바논,상하이무역관,일반,2,
레바논,소피아무역관,일반,1,
레바논,실리콘밸리무역관,일반,1,
레바논,알제무역관,일반,2,
레바논,암만무역관,유력,1,
레바논,암만무역관,일반,277,
레바논,양곤무역관,일반,1,
레바논,이스탄불무역관,일반,5,
레바논,취리히무역관,일반,1,
레바논,카이로무역관,일반,4,
레바논,텔아비브무역관,일반,2,
레바논,파리무역관,일반,12,
레바논,프랑크푸르트무역관,일반,4,
레바논,홍콩무역관,일반,2,
레소토,요하네스버그무역관,일반,1,
레유니온,보고타무역관,일반,1,
레유니온,부쿠레슈티무역관,일반,1,
레유니온,파리무역관,일반,6,
레유니온,프랑크푸르트무역관,일반,1,
레유니온,홍콩무역관,일반,1,
루마니아,광저우무역관,일반,1,
루마니아,뉴욕무역관,일반,3,
루마니아,두바이무역관,일반,21,
루마니아,런던무역관,일반,6,
루마니아,로스앤젤레스무역관,일반,1,
루마니아,마드리드무역관,일반,4,
루마니아,모스크바무역관,일반,1,
루마니아,뮌헨무역관,일반,3,
루마니아,밀라노무역관,일반,131,
루마니아,부쿠레슈티무역관,글로벌,21,
루마니아,부쿠레슈티무역관,유력,19,
루마니아,부쿠레슈티무역관,일반,1497,
루마니아,상하이무역관,일반,1,
루마니아,소피아무역관,일반,1,
루마니아,실리콘밸리무역관,일반,1,
루마니아,싱가포르무역관,일반,3,
루마니아,암스테르담무역관,일반,1,
루마니아,워싱톤무역관,일반,1,
루마니아,이스탄불무역관,일반,3,
루마니아,취리히무역관,일반,3,
루마니아,타이베이무역관,일반,1,
루마니아,파리무역관,일반,19,
루마니아,프랑크푸르트무역관,일반,4,
루마니아,함부르크무역관,일반,17,
루마니아,홍콩무역관,일반,3,
룩셈부르크,두바이무역관,일반,2,
룩셈부르크,런던무역관,일반,2,
룩셈부르크,브뤼셀무역관,일반,40,
룩셈부르크,싱가포르무역관,일반,1,
룩셈부르크,암스테르담무역관,일반,1,
룩셈부르크,취리히무역관,일반,1,
룩셈부르크,파리무역관,일반,3,
룩셈부르크,프랑크푸르트무역관,일반,2,
룩셈부르크,함부르크무역관,일반,4,
르완다,다레살람무역관,일반,33,
르완다,두바이무역관,일반,6,
르완다,마드리드무역관,일반,1,
르완다,실리콘밸리무역관,일반,1,
리비아,광저우무역관,일반,1,
리비아,두바이무역관,일반,21,
리비아,리야드무역관,일반,3,
리비아,밀라노무역관,일반,8,
리비아,이스탄불무역관,일반,9,
리비아,카이로무역관,일반,29,
리비아,트리폴리무역관,일반,119,
리비아,파리무역관,일반,2,
리투아니아,뉴욕무역관,일반,1,
리투아니아,두바이무역관,일반,7,
리투아니아,런던무역관,일반,4,
리투아니아,모스크바무역관,일반,4,
리투아니아,뮌헨무역관,일반,1,
리투아니아,민스크무역관,일반,4,
리투아니아,밀라노무역관,일반,58,
리투아니아,바르샤바무역관,일반,113,
리투아니아,베오그라드무역관,일반,1,
리투아니아,부쿠레슈티무역관,일반,1,
리투아니아,상트페테르부르크무역관,일반,2,
리투아니아,상하이무역관,일반,1,
리투아니아,실리콘밸리무역관,일반,2,
리투아니아,아디스아바바무역관,일반,1,
리투아니아,암스테르담무역관,일반,3,
리투아니아,취리히무역관,일반,2,
리투아니아,코펜하겐무역관,일반,16,
리투아니아,파리무역관,일반,4,
리투아니아,프랑크푸르트무역관,글로벌,1,
리투아니아,프랑크푸르트무역관,일반,2,
리투아니아,함부르크무역관,일반,9,
리투아니아,헬싱키무역관,일반,22,
리투아니아,홍콩무역관,일반,6,
리히텐슈타인,뮌헨무역관,글로벌,1,
리히텐슈타인,밀라노무역관,일반,1,
리히텐슈타인,취리히무역관,글로벌,1,
리히텐슈타인,취리히무역관,일반,4,
리히텐슈타인,함부르크무역관,일반,1,
마다가스카르,마푸투무역관,유력,2,
마다가스카르,마푸투무역관,일반,1,
마다가스카르,요하네스버그무역관,일반,27,
마다가스카르,파리무역관,일반,1,
마르티니끄,파나마무역관,일반,7,
마샬 제도,다롄무역관,일반,1,
마샬 제도,싱가포르무역관,일반,1,
마샬 제도,쿠알라룸푸르무역관,일반,1,
마요트,멕시코시티무역관,일반,1,
마카오,상하이무역관,일반,1,
마카오,취리히무역관,일반,1,
마카오,콜롬보무역관,일반,1,
마카오,홍콩무역관,유력,1,
마카오,홍콩무역관,일반,27,
마케도니아,두바이무역관,일반,3,
마케도니아,런던무역관,일반,2,
마케도니아,뮌헨무역관,일반,1,
마케도니아,밀라노무역관,일반,8,
마케도니아,베오그라드무역관,일반,3,
마케도니아,상하이무역관,일반,2,
마케도니아,소피아무역관,일반,48,
마케도니아,이스탄불무역관,일반,2,
마케도니아,자그레브무역관,일반,1,
마케도니아,취리히무역관,일반,2,
마케도니아,파리무역관,일반,1,
마케도니아,프랑크푸르트무역관,일반,3,
마크로네시아,홍콩무역관,일반,1,
말라위,마푸투무역관,일반,5,
말라위,싱가포르무역관,일반,1,
말라위,요하네스버그무역관,일반,7,
말라위,쿠알라룸푸르무역관,일반,2,
말레이지아,광저우무역관,일반,4,
말레이지아,뉴욕무역관,일반,3,
말레이지아,다롄무역관,일반,2,
말레이지아,도쿄무역관,일반,1,
말레이지아,두바이무역관,일반,5,
말레이지아,런던무역관,일반,1,
말레이지아,마닐라무역관,일반,3,
말레이지아,멕시코시티무역관,일반,1,
말레이지아,멜버른무역관,일반,1,
말레이지아,밀라노무역관,일반,12,
말레이지아,방콕무역관,일반,1,
말레이지아,밴쿠버무역관,일반,1,
말레이지아,베이징무역관,일반,4,
말레이지아,상하이무역관,일반,19,
말레이지아,선전무역관,일반,2,
말레이지아,수라바야무역관,일반,1,
말레이지아,시카고무역관,일반,1,
말레이지아,싱가포르무역관,글로벌,1,
말레이지아,싱가포르무역관,일반,147,
말레이지아,이스탄불무역관,일반,1,
말레이지아,자카르타무역관,일반,3,
말레이지아,취리히무역관,일반,2,
말레이지아,콜롬보무역관,일반,1,
말레이지아,콜카타무역관,일반,2,
말레이지아,쿠알라룸푸르무역관,글로벌,41,
말레이지아,쿠알라룸푸르무역관,유력,33,
말레이지아,쿠알라룸푸르무역관,일반,6516,
말레이지아,쿠웨이트무역관,일반,1,
말레이지아,타이베이무역관,일반,7,
말레이지아,파리무역관,일반,4,
말레이지아,프랑크푸르트무역관,일반,1,
말레이지아,하노이무역관,일반,2,
말레이지아,함부르크무역관,일반,5,
말레이지아,홍콩무역관,일반,21,
말리,두바이무역관,일반,2,
말리,로스앤젤레스무역관,일반,1,
말리,아비장무역관,일반,22,
말리,카사블랑카무역관,일반,5,
말리,쿠알라룸푸르무역관,일반,1,
말리,파리무역관,일반,3,
맨섬,멕시코시티무역관,일반,1,
맨섬,자카르타무역관,일반,1,
맨섬,첸나이무역관,일반,1,
멕시코,광저우무역관,일반,2,MX
멕시코,뉴욕무역관,일반,56,MX
멕시코,달라스무역관,글로벌,1,MX
멕시코,두바이무역관,일반,1,MX
멕시코,런던무역관,일반,2,MX
멕시코,로스앤젤레스무역관,일반,28,MX
멕시코,리마무역관,일반,1,MX
멕시코,마드리드무역관,일반,1,MX
멕시코,멕시코시티무역관,글로벌,44,MX
멕시코,멕시코시티무역관,유력,18,MX
멕시코,멕시코시티무역관,일반,4899,MX
멕시코,모스크바무역관,일반,1,MX
멕시코,밀라노무역관,일반,13,MX
멕시코,밴쿠버무역관,일반,1,MX
멕시코,부에노스아이레스무역관,일반,1,MX
멕시코,상파울루무역관,일반,1,MX
멕시코,상하이무역관,일반,2,MX
멕시코,시카고무역관,일반,39,MX
멕시코,실리콘밸리무역관,일반,2,MX
멕시코,싱가포르무역관,일반,3,MX
멕시코,암스테르담무역관,일반,1,MX
멕시코,워싱톤무역관,일반,2,MX
멕시코,토론토무역관,일반,2,MX
멕시코,파나마무역관,일반,2,MX
멕시코,파리무역관,일반,4,MX
멕시코,프랑크푸르트무역관,일반,1,MX
멕시코,함부르크무역관,일반,2,MX
멕시코,홍콩무역관,일반,8,MX
모나코,다롄무역관,글로벌,1,
모나코,밀라노무역관,일반,1,
모나코,취리히무역관,일반,1,
모나코,쿠알라룸푸르무역관,일반,1,
모나코,파리무역관,일반,14,
모로코,두바이무역관,일반,17,MA
모로코,런던무역관,일반,1,MA
모로코,밀라노무역관,일반,18,MA
모로코,상하이무역관,일반,4,MA
모로코,싱가포르무역관,일반,3,MA
모로코,이스탄불무역관,일반,9,MA
모로코,카라치무역관,일반,2,MA
모로코,카사블랑카무역관,글로벌,5,MA
모로코,카사블랑카무역관,유력,7,MA
모로코,카사블랑카무역관,일반,1109,MA
모로코,파리무역관,일반,25,MA
모로코,함부르크무역관,일반,3,MA
모로코,홍콩무역관,일반,2,MA
모리셔스,나이로비무역관,유력,1,
모리셔스,나이로비무역관,일반,62,
모리셔스,두바이무역관,일반,13,
모리셔스,마푸투무역관,일반,2,
모리셔스,밀라노무역관,일반,1,
모리셔스,상하이무역관,일반,3,
모리셔스,싱가포르무역관,일반,1,
모리셔스,요하네스버그무역관,일반,2,
모리셔스,함부르크무역관,일반,1,
모리셔스,홍콩무역관,일반,1,
모리타니아,두바이무역관,일반,7,
모리타니아,마드리드무역관,일반,1,
모리타니아,이스탄불무역관,일반,1,
모리타니아,카사블랑카무역관,일반,3,
모잠비크,두바이무역관,일반,2,MZ
모잠비크,마푸투무역관,글로벌,38,MZ
모잠비크,마푸투무역관,유력,33,MZ
모잠비크,마푸투무역관,일반,659,MZ
모잠비크,상하이무역관,일반,1,MZ
모잠비크,요하네스버그무역관,일반,4,MZ
몬테네그로,뉴욕무역관,일반,1,
몬테네그로,밀라노무역관,일반,3,
몬테네그로,베오그라드무역관,글로벌,1,
몬테네그로,베오그라드무역관,일반,26,
몬테네그로,시카고무역관,일반,1,
몬테네그로,암스테르담무역관,일반,1,
몰다비아,두바이무역관,일반,7,
몰다비아,런던무역관,일반,3,
몰다비아,마푸투무역관,일반,1,
몰다비아,모스크바무역관,일반,1,
몰다비아,밀라노무역관,일반,10,
몰다비아,바쿠무역관,일반,1,
몰다비아,부쿠레슈티무역관,일반,2,
몰다비아,싱가포르무역관,일반,2,
몰다비아,양곤무역관,일반,1,
몰다비아,콜롬보무역관,일반,1,
몰다비아,쿠웨이트무역관,일반,1,
몰다비아,키예프무역관,일반,43,
몰다비아,함부르크무역관,일반,2,
몰디브,광저우무역관,일반,2,
몰디브,두바이무역관,일반,5,
몰디브,런던무역관,일반,1,
몰디브,바쿠무역관,일반,1,
몰디브,싱가포르무역관,일반,6,
몰디브,콜롬보무역관,일반,29,
몰디브,쿠알라룸푸르무역관,일반,1,
몰디브,키예프무역관,일반,3,
몰디브,파나마무역관,일반,1,
몰디브,홍콩무역관,일반,2,
몰타,두바이무역관,일반,3,
몰타,밀라노무역관,일반,51,
몰타,부다페스트무역관,일반,1,
몰타,상하이무역관,일반,1,
몰타,싱가포르무역관,일반,1,
몰타,이스탄불무역관,일반,2,
몰타,트리폴리무역관,일반,1,
몰타,파리무역관,일반,1,
몰타,함부르크무역관,일반,1,
몰타,홍콩무역관,일반,1,
몽골,광저우무역관,일반,3,MN
몽골,뉴욕무역관,일반,7,MN
몽골,도쿄무역관,일반,1,MN
몽골,디트로이트무역관,일반,1,MN
몽골,런던무역관,일반,5,MN
몽골,로스앤젤레스무역관,일반,8,MN
몽골,마이애미무역관,일반,1,MN
몽골,밀라노무역관,일반,2,MN
몽골,상하이무역관,유력,1,MN
몽골,시카고무역관,일반,1,MN
몽골,싱가포르무역관,일반,4,MN
몽골,오사카무역관,일반,1,MN
몽골,울란바토르무역관,글로벌,6,MN
몽골,울란바토르무역관,유력,38,MN
몽골,울란바토르무역관,일반,1302,MN
몽골,워싱톤무역관,일반,2,MN
몽골,이스탄불무역관,일반,1,MN
몽골,타이베이무역관,일반,1,MN
몽골,홍콩무역관,일반,1,MN
미국,광저우무역관,일반,17,US
미국,나고야무역관,일반,2,US
미국,나이로비무역관,일반,4,US
미국,뉴델리무역관,일반,1,US
미국,뉴욕무역관,글로벌,159,US
미국,뉴욕무역관,유력,258,US
미국,뉴욕무역관,일반,8001,US
미국,다레살람무역관,일반,2,US
미국,다카무역관,일반,1,US
미국,달라스무역관,글로벌,155,US
미국,달라스무역관,유력,92,US
미국,달라스무역관,일반,3323,US
미국,도쿄무역관,일반,2,US
미국,두바이무역관,일반,27,US
미국,디트로이트무역관,글로벌,101,US
미국,디트로이트무역관,유력,21,US
미국,디트로이트무역관,일반,1693,US
미국,런던무역관,글로벌,1,US
미국,런던무역관,일반,17,US
미국,로스앤젤레스무역관,글로벌,248,US
미국,로스앤젤레스무역관,유력,331,US
미국,로스앤젤레스무역관,일반,6889,US
미국,리마무역관,일반,1,US
미국,마드리드무역관,일반,8,US
미국,마이애미무역관,유력,2,US
미국,마이애미무역관,일반,447,US
미국,마푸투무역관,일반,1,US
미국,멕시코시티무역관,일반,2,US
미국,모스크바무역관,일반,3,US
미국,뮌헨무역관,일반,3,US
미국,밀라노무역관,일반,203,US
미국,밴쿠버무역관,일반,12,US
미국,베이징무역관,일반,9,US
미국,산티아고무역관,일반,1,US
미국,상하이무역관,일반,69,US
미국,선전무역관,일반,2,US
미국,시드니무역관,일반,1,US
미국,시카고무역관,글로벌,121,US
미국,시카고무역관,유력,34,US
미국,시카고무역관,일반,3972,US
미국,실리콘밸리무역관,글로벌,252,US
미국,실리콘밸리무역관,유력,16,US
미국,실리콘밸리무역관,일반,3095,US
미국,싱가포르무역관,일반,41,US
미국,아디스아바바무역관,일반,1,US
미국,암스테르담무역관,일반,4,US
미국,워싱톤무역관,글로벌,19,US
미국,워싱톤무역관,유력,35,US
미국,워싱톤무역관,일반,1938,US
미국,이스탄불무역관,일반,2,US
미국,자카르타무역관,일반,2,US
미국,청두무역관,일반,1,US
미국,취리히무역관,일반,8,US
미국,코펜하겐무역관,일반,1,US
미국,키예프무역관,일반,2,US
미국,타이베이무역관,일반,13,US
미국,토론토무역관,글로벌,2,US
미국,토론토무역관,유력,1,US
미국,토론토무역관,일반,21,US
미국,파나마무역관,일반,1,US
미국,파리무역관,글로벌,1,US
미국,파리무역관,일반,61,US
미국,프랑크푸르트무역관,글로벌,1,US
미국,프랑크푸르트무역관,일반,11,US
미국,함부르크무역관,일반,20,US
미국,홍콩무역관,일반,92,US
미국령사모아,시카고무역관,일반,1,
미얀마,광저우무역관,일반,1,MM
미얀마,도쿄무역관,일반,1,MM
미얀마,두바이무역관,일반,3,MM
미얀마,런던무역관,일반,1,MM
미얀마,마닐라무역관,일반,1,MM
미얀마,밀라노무역관,일반,1,MM
미얀마,실리콘밸리무역관,일반,1,MM
미얀마,싱가포르무역관,일반,20,MM
미얀마,암만무역관,일반,1,MM
미얀마,양곤무역관,글로벌,17,MM
미얀마,양곤무역관,유력,66,MM
미얀마,양곤무역관,일반,2758,MM
미얀마,오사카무역관,일반,1,MM
미얀마,오클랜드무역관,일반,1,MM
미얀마,카라치무역관,일반,1,MM
미얀마,콜롬보무역관,일반,1,MM
미얀마,쿠알라룸푸르무역관,일반,2,MM
바누아투,뉴욕무역관,일반,1,
바누아투,두바이무역관,일반,1,
바누아투,양곤무역관,일반,1,
바레인,뉴욕무역관,일반,1,BH
바레인,도하무역관,일반,1,BH
바레인,두바이무역관,글로벌,1,BH
바레인,두바이무역관,일반,391,BH
바레인,런던무역관,일반,2,BH
바레인,리야드무역관,일반,6,BH
바레인,밀라노무역관,일반,9,BH
바레인,상하이무역관,일반,3,BH
바레인,파리무역관,일반,3,BH
바레인,프랑크푸르트무역관,일반,1,BH
바레인,항저우무역관,일반,1,BH
바레인,홍콩무역관,일반,2,BH
바베이도스,뉴욕무역관,일반,2,
바베이도스,다카무역관,일반,1,
바베이도스,아바나무역관,일반,1,
바베이도스,카라카스무역관,일반,3,
바베이도스,파나마무역관,일반,1,
바티칸시,두바이무역관,일반,1,
바티칸시,밀라노무역관,일반,2,
바티칸시,암스테르담무역관,일반,1,
바티칸시,파리무역관,일반,1,
바티칸시,함부르크무역관,일반,1,
바티칸시,호치민무역관,일반,1,
바하마,뉴욕무역관,일반,1,
바하마,로스앤젤레스무역관,일반,1,
바하마,마이애미무역관,일반,5,
바하마,산토도밍고무역관,일반,1,
바하마,산티아고무역관,일반,1,
방글라데시,광저우무역관,일반,3,BD
방글라데시,뉴델리무역관,일반,7,BD
방글라데시,뉴욕무역관,일반,2,BD
방글라데시,다카무역관,글로벌,46,BD
방글라데시,다카무역관,유력,195,BD
방글라데시,다카무역관,일반,1979,BD
방글라데시,달라스무역관,일반,2,BD
방글라데시,도쿄무역관,일반,2,BD
방글라데시,도하무역관,일반,1,BD
방글라데시,두바이무역관,일반,12,BD
방글라데시,밀라노무역관,일반,2,BD
방글라데시,방콕무역관,일반,1,BD
방글라데시,베이징무역관,일반,3,BD
방글라데시,상하이무역관,일반,14,BD
방글라데시,싱가포르무역관,일반,10,BD
방글라데시,자카르타무역관,일반,1,BD
방글라데시,쿠알라룸푸르무역관,일반,7,BD
방글라데시,파리무역관,일반,1,BD
방글라데시,하노이무역관,일반,1,BD
방글라데시,함부르크무역관,일반,2,BD
방글라데시,호치민무역관,일반,1,BD
버뮤다,뉴욕무역관,일반,1,
"버진아일랜드,미",싱가포르무역관,일반,1,
"버진아일랜드,미",하노이무역관,일반,1,
"버진아일랜드,영",상하이무역관,일반,1,
"버진아일랜드,영",호치민무역관,일반,1,
베냉,두바이무역관,일반,2,
베냉,밀라노무역관,일반,1,
베냉,아크라무역관,일반,21,
베냉,파리무역관,일반,1,
베네수엘라,뉴욕무역관,일반,14,
베네수엘라,로스앤젤레스무역관,일반,6,
베네수엘라,밀라노무역관,일반,10,
베네수엘라,보고타무역관,일반,7,
베네수엘라,시카고무역관,일반,2,
베네수엘라,싱가포르무역관,일반,1,
베네수엘라,카라카스무역관,글로벌,1,
베네수엘라,카라카스무역관,유력,1,
베네수엘라,카라카스무역관,일반,314,
베네수엘라,타슈켄트무역관,일반,1,
베네수엘라,파나마무역관,일반,75,
베네수엘라,하노이무역관,일반,5,
베네수엘라,호치민무역관,일반,5,
베트남,광저우무역관,일반,5,VN
베트남,뉴욕무역관,일반,4,VN
베트남,두바이무역관,일반,4,VN
베트남,런던무역관,일반,2,VN
베트남,로스앤젤레스무역관,일반,2,VN
베트남,마닐라무역관,일반,1,VN
베트남,마드리드무역관,일반,1,VN
베트남,밀라노무역관,일반,10,VN
베트남,방콕무역관,일반,1,VN
베트남,상하이무역관,일반,31,VN
베트남,선양무역관,일반,1,VN
베트남,시카고무역관,일반,2,VN
베트남,싱가포르무역관,일반,71,VN
베트남,오사카무역관,일반,2,VN
베트남,자카르타무역관,일반,1,VN
베트남,첸나이무역관,일반,2,VN
베트남,취리히무역관,일반,4,VN
베트남,쿠알라룸푸르무역관,일반,20,VN
베트남,타이베이무역관,일반,2,VN
베트남,파리무역관,일반,4,VN
베트남,하노이무역관,글로벌,42,VN
베트남,하노이무역관,유력,48,VN
베트남,하노이무역관,일반,8940,VN
베트남,호치민무역관,글로벌,226,VN
베트남,호치민무역관,유력,36,VN
베트남,호치민무역관,일반,9773,VN
베트남,홍콩무역관,일반,11,VN
벨기에,광저우무역관,일반,1,BE
벨기에,뉴욕무역관,일반,4,BE
벨기에,도쿄무역관,일반,1,BE
벨기에,두바이무역관,일반,6,BE
벨기에,런던무역관,일반,3,BE
벨기에,마드리드무역관,일반,18,BE
벨기에,뮌헨무역관,일반,1,BE
벨기에,밀라노무역관,일반,31,BE
벨기에,브뤼셀무역관,글로벌,7,BE
벨기에,브뤼셀무역관,유력,9,BE
벨기에,브뤼셀무역관,일반,1162,BE
벨기에,상하이무역관,일반,1,BE
벨기에,실리콘밸리무역관,일반,2,BE
벨기에,싱가포르무역관,일반,7,BE
벨기에,암스테르담무역관,일반,10,BE
벨기에,워싱톤무역관,일반,2,BE
벨기에,취리히무역관,일반,6,BE
벨기에,파나마무역관,일반,1,BE
벨기에,파리무역관,일반,16,BE
벨기에,프랑크푸르트무역관,일반,7,BE
벨기에,함부르크무역관,일반,18,BE
벨기에,홍콩무역관,일반,11,BE
벨라루스,뉴욕무역관,일반,1,
벨라루스,두바이무역관,일반,3,
벨라루스,런던무역관,일반,1,
벨라루스,모스크바무역관,일반,12,
벨라루스,민스크무역관,글로벌,4,
벨라루스,민스크무역관,유력,3,
벨라루스,민스크무역관,일반,817,
벨라루스,밀라노무역관,일반,10,
벨라루스,바르샤바무역관,일반,2,
벨라루스,상트페테르부르크무역관,일반,1,
벨라루스,실리콘밸리무역관,일반,1,
벨라루스,파리무역관,일반,8,
벨라루스,함부르크무역관,일반,1,
벨라루스,홍콩무역관,일반,2,
벨리즈,과테말라무역관,일반,2,
벨리즈,멕시코시티무역관,일반,4,
벨리즈,파나마무역관,일반,1,
보네르 신트외스타티위스,후쿠오카무역관,일반,1,
보빗 군도,프놈펜무역관,일반,1,
보스니아 헤르체고비나,로스앤젤레스무역관,일반,1,
보스니아 헤르체고비나,밀라노무역관,일반,4,
보스니아 헤르체고비나,베오그라드무역관,일반,10,
보스니아 헤르체고비나,소피아무역관,일반,2,
보스니아 헤르체고비나,양곤무역관,일반,1,
보스니아 헤르체고비나,자그레브무역관,일반,146,
보스니아 헤르체고비나,파리무역관,일반,1,
보스니아 헤르체고비나,함부르크무역관,일반,1,
보스니아 헤르체고비나,홍콩무역관,일반,1,
보츠와나,마푸투무역관,일반,1,
보츠와나,상파울루무역관,일반,1,
보츠와나,요하네스버그무역관,일반,37,
볼리비아,광저우무역관,일반,1,
볼리비아,뉴욕무역관,일반,16,
볼리비아,달라스무역관,일반,1,
볼리비아,두바이무역관,일반,1,
볼리비아,로스앤젤레스무역관,일반,2,
볼리비아,리마무역관,글로벌,1,
볼리비아,리마무역관,일반,93,
볼리비아,밀라노무역관,일반,1,
볼리비아,상파울루무역관,일반,4,
볼리비아,상하이무역관,일반,1,
볼리비아,요하네스버그무역관,일반,1,
볼리비아,파나마무역관,일반,1,
볼리비아,홍콩무역관,일반,1,
부룬디,다레살람무역관,일반,9,
부르키나파소,뉴욕무역관,일반,1,
부르키나파소,도쿄무역관,일반,1,
부르키나파소,두바이무역관,일반,2,
부르키나파소,마드리드무역관,일반,1,
부르키나파소,아비장무역관,일반,1,
부르키나파소,아크라무역관,일반,5,
부탄,뉴델리무역관,일반,5,
부탄,다카무역관,일반,9,
부탄,싱가포르무역관,일반,1,
북마리아나제도,로스앤젤레스무역관,일반,1,
북마리아나제도,마이애미무역관,일반,1,
불가리아,광저우무역관,일반,2,
불가리아,두바이무역관,일반,4,
불가리아,런던무역관,유력,1,
불가리아,런던무역관,일반,2,
불가리아,모스크바무역관,일반,1,
불가리아,뮌헨무역관,일반,1,
불가리아,밀라노무역관,일반,34,
불가리아,부다페스트무역관,일반,2,
불가리아,상트페테르부르크무역관,일반,1,
불가리아,상파울루무역관,일반,1,
불가리아,상하이무역관,일반,2,
불가리아,소피아무역관,유력,8,
불가리아,소피아무역관,일반,1122,
불가리아,스톡홀름무역관,일반,1,
불가리아,싱가포르무역관,일반,3,
불가리아,이스탄불무역관,일반,4,
불가리아,키예프무역관,일반,1,
불가리아,파리무역관,일반,3,
불가리아,프랑크푸르트무역관,일반,4,
불가리아,함부르크무역관,일반,10,
불가리아,홍콩무역관,일반,6,
브라질,뉴욕무역관,일반,19,BR
브라질,달라스무역관,글로벌,1,BR
브라질,달라스무역관,일반,2,BR
브라질,두바이무역관,일반,14,BR
브라질,디트로이트무역관,일반,1,BR
브라질,런던무역관,일반,6,BR
브라질,로스앤젤레스무역관,일반,9,BR
브라질,리우데자네이루무역관,글로벌,6,BR
브라질,리우데자네이루무역관,유력,2,BR
브라질,리우데자네이루무역관,일반,385,BR
브라질,마드리드무역관,일반,5,BR
브라질,뮌헨무역관,일반,1,BR
브라질,밀라노무역관,일반,39,BR
브라질,밴쿠버무역관,일반,1,BR
브라질,상파울루무역관,글로벌,64,BR
브라질,상파울루무역관,유력,15,BR
브라질,상파울루무역관,일반,5743,BR
브라질,상하이무역관,일반,7,BR
브라질,시카고무역관,일반,7,BR
브라질,실리콘밸리무역관,일반,4,BR
브라질,싱가포르무역관,일반,6,BR
브라질,아테네무역관,일반,1,BR
브라질,암스테르담무역관,일반,2,BR
브라질,워싱톤무역관,일반,1,BR
브라질,취리히무역관,일반,3,BR
브라질,파리무역관,일반,10,BR
브라질,함부르크무역관,일반,8,BR
브라질,홍콩무역관,일반,10,BR
브루나이,두바이무역관,일반,2,
브루나이,리야드무역관,일반,1,
브루나이,상파울루무역관,일반,1,
브루나이,싱가포르무역관,일반,4,
브루나이,자카르타무역관,일반,1,
브루나이,쿠알라룸푸르무역관,일반,3,
브루나이,하노이무역관,일반,1,
브루나이,홍콩무역관,일반,1,
사우디아라비아,광저우무역관,일반,3,SA
사우디아라비아,뉴욕무역관,일반,6,SA
사우디아라비아,도하무역관,일반,3,SA
사우디아라비아,두바이무역관,일반,503,SA
사우디아라비아,런던무역관,일반,3,SA
사우디아라비아,로스앤젤레스무역관,일반,2,SA
사우디아라비아,리야드무역관,글로벌,49,SA
사우디아라비아,리야드무역관,유력,73,SA
사우디아라비아,리야드무역관,일반,4141,SA
사우디아라비아,마드리드무역관,일반,2,SA
사우디아라비아,멜버른무역관,일반,1,SA
사우디아라비아,뮌헨무역관,일반,1,SA
사우디아라비아,밀라노무역관,일반,39,SA
사우디아라비아,밴쿠버무역관,일반,1,SA
사우디아라비아,베이징무역관,일반,1,SA
사우디아라비아,상파울루무역관,일반,1,SA
사우디아라비아,선전무역관,일반,1,SA
사우디아라비아,시카고무역관,일반,5,SA
사우디아라비아,실리콘밸리무역관,일반,4,SA
사우디아라비아,싱가포르무역관,일반,3,SA
사우디아라비아,워싱톤무역관,일반,1,SA
사우디아라비아,이스탄불무역관,일반,3,SA
사우디아라비아,자카르타무역관,일반,3,SA
사우디아라비아,취리히무역관,일반,2,SA
사우디아라비아,카이로무역관,일반,1,SA
사우디아라비아,쿠알라룸푸르무역관,일반,1,SA
사우디아라비아,테헤란무역관,일반,1,SA
사우디아라비아,토론토무역관,일반,1,SA
사우디아라비아,파리무역관,일반,7,SA
사우디아라비아,프랑크푸르트무역관,일반,2,SA
사우디아라비아,함부르크무역관,일반,5,SA
사우디아라비아,홍콩무역관,일반,4,SA
산마리노,밀라노무역관,일반,3,
상투메 프린시페,마푸투무역관,일반,1,
생피에르미클롱,파리무역관,일반,1,
서사모아,오클랜드무역관,일반,2,
서사하라,싱가포르무역관,일반,2,
세네갈,두바이무역관,일반,6,
세네갈,로스앤젤레스무역관,일반,1,
세네갈,마드리드무역관,일반,1,
세네갈,밀라노무역관,일반,3,
세네갈,베오그라드무역관,글로벌,1,
세네갈,베오그라드무역관,일반,2,
세네갈,아비장무역관,일반,170,
세네갈,알제무역관,일반,1,
세네갈,요하네스버그무역관,일반,1,
세네갈,파리무역관,일반,4,
세르비아,두바이무역관,일반,4,
세르비아,런던무역관,일반,2,
세르비아,모스크바무역관,일반,1,
세르비아,뮌헨무역관,일반,1,
세르비아,밀라노무역관,일반,34,
세르비아,베오그라드무역관,글로벌,59,
세르비아,베오그라드무역관,유력,1,
세르비아,베오그라드무역관,일반,1232,
세르비아,베이징무역관,일반,1,
세르비아,부다페스트무역관,일반,1,
세르비아,스톡홀름무역관,일반,1,
세르비아,싱가포르무역관,일반,1,
세르비아,자그레브무역관,일반,1,
세르비아,취리히무역관,일반,4,
세르비아,카이로무역관,일반,1,
세르비아,파리무역관,일반,1,
세르비아,프랑크푸르트무역관,일반,1,
세르비아,함부르크무역관,일반,11,
세르비아,홍콩무역관,일반,2,
세이셸,나이로비무역관,일반,8,
세이셸,두바이무역관,일반,4,
세이셸,베오그라드무역관,일반,1,
세인트루시아,산토도밍고무역관,일반,10,
세인트루시아,상하이무역관,일반,1,
세인트키츠앤네비스,산토도밍고무역관,일반,1,
소말리아,나이로비무역관,일반,1,
소말리아,두바이무역관,일반,12,
소말리아,싱가포르무역관,일반,1,
소말리아,아디스아바바무역관,일반,7,
소말리아,요하네스버그무역관,일반,1,
수단,광저우무역관,일반,2,
수단,뉴욕무역관,일반,1,
수단,두바이무역관,일반,41,
수단,마드리드무역관,일반,1,
수단,밀라노무역관,일반,4,
수단,요하네스버그무역관,일반,1,
수단,카르툼무역관,글로벌,2,
수단,카르툼무역관,유력,4,
수단,카르툼무역관,일반,476,
수리남,리마무역관,일반,1,
수리남,보고타무역관,일반,1,
수리남,상하이무역관,일반,1,
수리남,카라카스무역관,일반,4,
수리남,함부르크무역관,일반,1,
스리랑카,도쿄무역관,일반,1,LK
스리랑카,두바이무역관,일반,12,LK
스리랑카,런던무역관,일반,2,LK
스리랑카,밀라노무역관,일반,1,LK
스리랑카,상하이무역관,일반,5,LK
스리랑카,시카고무역관,일반,1,LK
스리랑카,싱가포르무역관,일반,10,LK
스리랑카,콜롬보무역관,글로벌,13,LK
스리랑카,콜롬보무역관,유력,14,LK
스리랑카,콜롬보무역관,일반,1230,LK
스리랑카,파리무역관,일반,6,LK
스리랑카,함부르크무역관,일반,1,LK
스리랑카,홍콩무역관,일반,2,LK
스와질란드,뉴욕무역관,일반,3,
스와질란드,뮌헨무역관,글로벌,2,
스와질란드,스톡홀름무역관,일반,1,
스와질란드,싱가포르무역관,일반,1,
스와질란드,요하네스버그무역관,일반,6,
스와질란드,워싱톤무역관,일반,1,
스와질란드,취리히무역관,일반,4,
스웨덴,뉴욕무역관,일반,5,SE
스웨덴,달라스무역관,일반,1,SE
스웨덴,두바이무역관,일반,6,SE
스웨덴,런던무역관,일반,3,SE
스웨덴,로스앤젤레스무역관,일반,2,SE
스웨덴,마드리드무역관,일반,3,SE
스웨덴,뮌헨무역관,글로벌,22,SE
스웨덴,뮌헨무역관,유력,1,SE
스웨덴,뮌헨무역관,일반,3,SE
스웨덴,민스크무역관,일반,1,SE
스웨덴,밀라노무역관,일반,30,SE
스웨덴,베이징무역관,일반,1,SE
스웨덴,스톡홀름무역관,글로벌,19,SE
스웨덴,스톡홀름무역관,유력,24,SE
스웨덴,스톡홀름무역관,일반,1289,SE
스웨덴,실리콘밸리무역관,일반,3,SE
스웨덴,싱가포르무역관,일반,2,SE
스웨덴,암만무역관,일반,1,SE
스웨덴,암스테르담무역관,일반,5,SE
스웨덴,워싱톤무역관,일반,2,SE
스웨덴,취리히무역관,일반,3,SE
스웨덴,코펜하겐무역관,일반,2,SE
스웨덴,토론토무역관,일반,2,SE
스웨덴,파리무역관,일반,4,SE
스웨덴,프랑크푸르트무역관,일반,5,SE
스웨덴,함부르크무역관,일반,16,SE
스웨덴,홍콩무역관,일반,8,SE
스위스,나이로비무역관,일반,1,CH
스위스,뉴욕무역관,일반,18,CH
스위스,달라스무역관,일반,1,CH
스위스,두바이무역관,일반,13,CH
스위스,런던무역관,일반,1,CH
스위스,로스앤젤레스무역관,일반,4,CH
스위스,마드리드무역관,일반,2,CH
스위스,뮌헨무역관,일반,10,CH
스위스,밀라노무역관,일반,85,CH
스위스,베이징무역관,일반,2,CH
스위스,상하이무역관,일반,4,CH
스위스,선전무역관,일반,1,CH
스위스,시카고무역관,일반,4,CH
스위스,실리콘밸리무역관,일반,6,CH
스위스,싱가포르무역관,일반,7,CH
스위스,암스테르담무역관,일반,1,CH
스위스,이스탄불무역관,일반,1,CH
스위스,취리히무역관,글로벌,62,CH
스위스,취리히무역관,유력,16,CH
스위스,취리히무역관,일반,1823,CH
스위스,토론토무역관,일반,1,CH
스위스,파리무역관,일반,10,CH
스위스,프랑크푸르트무역관,글로벌,1,CH
스위스,프랑크푸르트무역관,일반,7,CH
스위스,함부르크무역관,일반,23,CH
스위스,홍콩무역관,일반,3,CH
스페인,광저우무역관,일반,3,ES
스페인,뉴욕무역관,일반,7,ES
스페인,도쿄무역관,일반,2,ES
스페인,두바이무역관,일반,11,ES
스페인,런던무역관,일반,6,ES
스페인,로스앤젤레스무역관,유력,1,ES
스페인,로스앤젤레스무역관,일반,2,ES
스페인,마드리드무역관,글로벌,28,ES
스페인,마드리드무역관,유력,19,ES
스페인,마드리드무역관,일반,4252,ES
스페인,멕시코시티무역관,일반,1,ES
스페인,뮌헨무역관,일반,10,ES
스페인,밀라노무역관,일반,179,ES
스페인,베이징무역관,일반,1,ES
스페인,상트페테르부르크무역관,일반,1,ES
스페인,상파울루무역관,일반,2,ES
스페인,상하이무역관,일반,6,ES
스페인,시카고무역관,일반,6,ES
스페인,실리콘밸리무역관,일반,2,ES
스페인,싱가포르무역관,일반,7,ES
스페인,아바나무역관,일반,3,ES
스페인,암스테르담무역관,일반,5,ES
스페인,요하네스버그무역관,일반,1,ES
스페인,취리히무역관,일반,17,ES
스페인,파리무역관,글로벌,1,ES
스페인,파리무역관,유력,1,ES
스페인,파리무역관,일반,54,ES
스페인,프라하무역관,글로벌,1,ES
스페인,프랑크푸르트무역관,일반,14,ES
스페인,함부르크무역관,글로벌,1,ES
스페인,함부르크무역관,일반,30,ES
스페인,홍콩무역관,일반,19,ES
슬로바키아,런던무역관,일반,2,
슬로바키아,로스앤젤레스무역관,일반,1,
슬로바키아,마드리드무역관,일반,1,
슬로바키아,밀라노무역관,일반,25,
슬로바키아,브라티슬라바무역관,글로벌,10,
슬로바키아,브라티슬라바무역관,유력,16,
슬로바키아,브라티슬라바무역관,일반,859,
슬로바키아,브뤼셀무역관,일반,1,
슬로바키아,빈무역관,일반,1,
슬로바키아,소피아무역관,일반,1,
슬로바키아,실리콘밸리무역관,일반,1,
슬로바키아,싱가포르무역관,일반,3,
슬로바키아,암스테르담무역관,일반,2,
슬로바키아,자그레브무역관,일반,2,
슬로바키아,프라하무역관,일반,31,
슬로바키아,프랑크푸르트무역관,일반,1,
슬로바키아,함부르크무역관,일반,3,
슬로바키아,홍콩무역관,일반,2,
슬로베니아,광저우무역관,일반,1,
슬로베니아,두바이무역관,일반,2,
슬로베니아,뮌헨무역관,일반,1,
슬로베니아,밀라노무역관,일반,25,
슬로베니아,브라티슬라바무역관,일반,13,
슬로베니아,빈무역관,일반,2,
슬로베니아,소피아무역관,일반,1,
슬로베니아,싱가포르무역관,일반,4,
슬로베니아,이스탄불무역관,일반,3,
슬로베니아,자그레브무역관,글로벌,1,
슬로베니아,자그레브무역관,유력,3,
슬로베니아,자그레브무역관,일반,148,
슬로베니아,취리히무역관,일반,3,
슬로베니아,파리무역관,일반,4,
슬로베니아,프라하무역관,일반,1,
슬로베니아,프랑크푸르트무역관,일반,3,
슬로베니아,함부르크무역관,일반,7,
슬로베니아,홍콩무역관,일반,1,
시리아,다마스커스무역관,일반,104,
시리아,두바이무역관,일반,45,
시리아,밀라노무역관,일반,2,
시리아,상하이무역관,일반,1,
시리아,선전무역관,일반,1,
시리아,소피아무역관,일반,1,
시리아,암만무역관,일반,36,
시에라리온,라고스무역관,일반,1,
시에라리온,아비장무역관,일반,10,
시에라리온,요하네스버그무역관,일반,1,
시에라리온,함부르크무역관,일반,1,
싱가폴,광저우무역관,일반,5,
싱가폴,노보시비르스크무역관,일반,1,
싱가폴,뉴델리무역관,일반,1,
싱가폴,뉴욕무역관,일반,4,
싱가폴,다롄무역관,일반,1,
싱가폴,도쿄무역관,일반,4,
싱가폴,두바이무역관,일반,15,
싱가폴,런던무역관,일반,4,
싱가폴,로스앤젤레스무역관,일반,8,
싱가폴,마드리드무역관,일반,1,
싱가폴,멕시코시티무역관,일반,1,
싱가폴,멜버른무역관,일반,1,
싱가폴,밀라노무역관,일반,19,
싱가폴,방콕무역관,일반,3,
싱가폴,베이징무역관,일반,1,
싱가폴,상하이무역관,일반,35,
싱가폴,선전무역관,일반,2,
싱가폴,수라바야무역관,일반,1,
싱가폴,시드니무역관,글로벌,1,
싱가폴,시카고무역관,일반,4,
싱가폴,실리콘밸리무역관,일반,14,
싱가폴,싱가포르무역관,글로벌,32,
싱가폴,싱가포르무역관,유력,20,
싱가폴,싱가포르무역관,일반,6454,
싱가폴,아테네무역관,일반,1,
싱가폴,암스테르담무역관,일반,1,
싱가폴,자카르타무역관,일반,6,
싱가폴,취리히무역관,일반,3,
싱가폴,콜롬보무역관,일반,1,
싱가폴,쿠알라룸푸르무역관,일반,13,
싱가폴,타이베이무역관,일반,16,
싱가폴,파나마무역관,일반,1,
싱가폴,파리무역관,일반,8,
싱가폴,프랑크푸르트무역관,일반,3,
싱가폴,하노이무역관,일반,3,
싱가폴,함부르크무역관,일반,11,
싱가폴,홍콩무역관,일반,36,
아랍에미리트,광저우무역관,일반,2,AE
아랍에미리트,나이로비무역관,일반,2,AE
아랍에미리트,뉴욕무역관,일반,6,AE
아랍에미리트,다레살람무역관,일반,1,AE
아랍에미리트,달라스무역관,일반,1,AE
아랍에미리트,도쿄무역관,일반,1,AE
아랍에미리트,두바이무역관,글로벌,32,AE
아랍에미리트,두바이무역관,유력,37,AE
아랍에미리트,두바이무역관,일반,10236,AE
아랍에미리트,런던무역관,일반,13,AE
아랍에미리트,로스앤젤레스무역관,일반,5,AE
아랍에미리트,리야드무역관,일반,8,AE
아랍에미리트,마드리드무역관,일반,35,AE
아랍에미리트,모스크바무역관,일반,5,AE
아랍에미리트,뭄바이무역관,일반,1,AE
아랍에미리트,밀라노무역관,일반,56,AE
아랍에미리트,베이징무역관,일반,1,AE
아랍에미리트,상하이무역관,일반,11,AE
아랍에미리트,시카고무역관,일반,3,AE
아랍에미리트,실리콘밸리무역관,일반,3,AE
아랍에미리트,싱가포르무역관,일반,33,AE
아랍에미리트,아테네무역관,일반,8,AE
아랍에미리트,암만무역관,일반,4,AE
아랍에미리트,암스테르담무역관,일반,1,AE
아랍에미리트,이스탄불무역관,일반,4,AE
아랍에미리트,카르툼무역관,일반,2,AE
아랍에미리트,카이로무역관,일반,1,AE
아랍에미리트,쿠웨이트무역관,일반,1,AE
아랍에미리트,토론토무역관,일반,1,AE
아랍에미리트,파리무역관,일반,6,AE
아랍에미리트,프랑크푸르트무역관,일반,1,AE
아랍에미리트,함부르크무역관,일반,14,AE
아랍에미리트,홍콩무역관,일반,18,AE
아루바,싱가포르무역관,일반,1,
아루바,카라카스무역관,일반,1,
아루바,파나마무역관,일반,4,
아르메니아,두바이무역관,일반,13,
아르메니아,마드리드무역관,일반,3,
아르메니아,모스크바무역관,일반,87,
아르메니아,밀라노무역관,일반,4,
아르메니아,바쿠무역관,일반,1,
아르메니아,베이징무역관,일반,1,
아르메니아,암만무역관,일반,2,
아르메니아,이스탄불무역관,일반,1,
아르메니아,테헤란무역관,일반,1,
아르헨티나,뉴욕무역관,일반,8,AR
아르헨티나,다카무역관,일반,1,AR
아르헨티나,런던무역관,일반,1,AR
아르헨티나,로스앤젤레스무역관,일반,4,AR
아르헨티나,마드리드무역관,일반,37,AR
아르헨티나,밀라노무역관,일반,13,AR
아르헨티나,밴쿠버무역관,일반,1,AR
아르헨티나,부에노스아이레스무역관,글로벌,11,AR
아르헨티나,부에노스아이레스무역관,유력,5,AR
아르헨티나,부에노스아이레스무역관,일반,2473,AR
아르헨티나,상파울루무역관,일반,3,AR
아르헨티나,상하이무역관,일반,4,AR
아르헨티나,시카고무역관,일반,6,AR
아르헨티나,실리콘밸리무역관,일반,2,AR
아르헨티나,싱가포르무역관,일반,1,AR
아르헨티나,워싱톤무역관,일반,2,AR
아르헨티나,파리무역관,일반,3,AR
아르헨티나,프랑크푸르트무역관,일반,1,AR
아르헨티나,함부르크무역관,일반,3,AR
아르헨티나,홍콩무역관,일반,3,AR
아이슬란드,뉴델리무역관,일반,2,
아이슬란드,두바이무역관,일반,1,
아이슬란드,런던무역관,일반,5,
아이슬란드,뭄바이무역관,일반,3,
아이슬란드,밀라노무역관,일반,3,
아이슬란드,부에노스아이레스무역관,일반,1,
아이슬란드,스톡홀름무역관,일반,25,
아이슬란드,암스테르담무역관,일반,1,
아이슬란드,오사카무역관,일반,1,
아이슬란드,홍콩무역관,일반,1,
아이티,뉴욕무역관,일반,1,
아이티,밀라노무역관,일반,1,
아이티,산토도밍고무역관,일반,27,
아일랜드,두바이무역관,일반,3,
아일랜드,런던무역관,일반,220,
아일랜드,로스앤젤레스무역관,일반,4,
아일랜드,마드리드무역관,일반,2,
아일랜드,밀라노무역관,일반,37,
아일랜드,베이징무역관,일반,1,
아일랜드,벵갈루루무역관,일반,1,
아일랜드,부쿠레슈티무역관,일반,1,
아일랜드,상하이무역관,일반,3,
아일랜드,시카고무역관,일반,1,
아일랜드,실리콘밸리무역관,일반,1,
아일랜드,싱가포르무역관,일반,5,
아일랜드,암스테르담무역관,일반,2,
아일랜드,자카르타무역관,일반,1,
아일랜드,취리히무역관,일반,1,
아일랜드,토론토무역관,일반,1,
아일랜드,파리무역관,일반,10,
아일랜드,프랑크푸르트무역관,일반,1,
아일랜드,함부르크무역관,일반,2,
아일랜드,홍콩무역관,일반,6,
아제르바이젠,광저우무역관,일반,3,
아제르바이젠,뉴욕무역관,일반,1,
아제르바이젠,두바이무역관,일반,35,
아제르바이젠,런던무역관,일반,3,
아제르바이젠,마드리드무역관,일반,2,
아제르바이젠,모스크바무역관,일반,10,
아제르바이젠,밀라노무역관,일반,7,
아제르바이젠,바쿠무역관,글로벌,3,
아제르바이젠,바쿠무역관,유력,13,
아제르바이젠,바쿠무역관,일반,846,
아제르바이젠,파리무역관,일반,2,
아제르바이젠,홍콩무역관,일반,1,
아프가니스탄,두바이무역관,일반,9,
아프가니스탄,마드리드무역관,일반,1,
아프가니스탄,바그다드무역관,일반,1,
아프가니스탄,상하이무역관,일반,1,
아프가니스탄,싱가포르무역관,일반,4,
아프가니스탄,이스탄불무역관,일반,2,
아프가니스탄,카라치무역관,일반,42,
아프가니스탄,함부르크무역관,일반,1,
안도라,마드리드무역관,일반,10,
알바니아,광저우무역관,일반,1,
알바니아,뉴욕무역관,일반,4,
알바니아,두바이무역관,일반,4,
알바니아,마드리드무역관,일반,3,
알바니아,뮌헨무역관,일반,1,
알바니아,밀라노무역관,일반,15,
알바니아,상하이무역관,일반,1,
알바니아,아테네무역관,일반,53,
알바니아,알제무역관,일반,1,
알바니아,이스탄불무역관,일반,1,
알바니아,카이로무역관,일반,1,
알바니아,파리무역관,일반,1,
알바니아,프랑크푸르트무역관,일반,4,
알바니아,홍콩무역관,일반,2,
알제리,광저우무역관,일반,1,
알제리,뉴욕무역관,일반,4,
알제리,두바이무역관,일반,51,
알제리,마드리드무역관,일반,3,
알제리,모스크바무역관,일반,1,
알제리,밀라노무역관,일반,4,
알제리,상하이무역관,일반,1,
알제리,싱가포르무역관,일반,4,
알제리,알제무역관,유력,9,
알제리,알제무역관,일반,1256,
알제리,카르툼무역관,일반,1,
알제리,파리무역관,일반,10,
알제리,홍콩무역관,일반,2,
앙골라,두바이무역관,일반,1,
앙골라,마드리드무역관,일반,2,
앙골라,마푸투무역관,글로벌,2,
앙골라,마푸투무역관,유력,13,
앙골라,마푸투무역관,일반,107,
앙골라,밀라노무역관,일반,2,
앙골라,키토무역관,일반,1,
앙골라,킨샤사무역관,일반,2,
앤티가바부다,산토도밍고무역관,일반,2,
에리트레아,아디스아바바무역관,일반,1,
에리트레아,카르툼무역관,일반,12,
에스토니아,두바이무역관,일반,1,
에스토니아,런던무역관,일반,2,
에스토니아,로스앤젤레스무역관,일반,1,
에스토니아,마드리드무역관,일반,1,
에스토니아,모스크바무역관,일반,1,
에스토니아,뮌헨무역관,일반,2,
에스토니아,민스크무역관,일반,1,
에스토니아,밀라노무역관,일반,11,
에스토니아,바르샤바무역관,일반,2,
에스토니아,스톡홀름무역관,일반,1,
에스토니아,실리콘밸리무역관,일반,1,
에스토니아,싱가포르무역관,일반,6,
에스토니아,아테네무역관,일반,4,
에스토니아,자그레브무역관,일반,1,
에스토니아,파리무역관,일반,1,
에스토니아,프랑크푸르트무역관,일반,3,
에스토니아,함부르크무역관,일반,6,
에스토니아,헬싱키무역관,글로벌,1,
에스토니아,헬싱키무역관,유력,3,
에스토니아,헬싱키무역관,일반,125,
에스토니아,홍콩무역관,일반,1,
에콰도르,광저우무역관,일반,2,
에콰도르,뉴욕무역관,일반,27,
에콰도르,달라스무역관,일반,2,
에콰도르,로스앤젤레스무역관,일반,23,
에콰도르,리마무역관,일반,8,
에콰도르,마드리드무역관,일반,2,
에콰도르,마이애미무역관,일반,1,
에콰도르,멕시코시티무역관,일반,1,
에콰도르,밀라노무역관,일반,8,
에콰도르,상파울루무역관,일반,3,
에콰도르,상하이무역관,일반,2,
에콰도르,시카고무역관,일반,5,
에콰도르,실리콘밸리무역관,일반,1,
에콰도르,취리히무역관,일반,1,
에콰도르,키토무역관,글로벌,7,
에콰도르,키토무역관,유력,23,
에콰도르,키토무역관,일반,6134,
에콰도르,파나마무역관,일반,3,
에콰도르,파리무역관,일반,2,
에콰도르,홍콩무역관,일반,2,
에티오피아,광저우무역관,일반,2,ET
에티오피아,두바이무역관,일반,24,ET
에티오피아,런던무역관,일반,1,ET
에티오피아,마드리드무역관,일반,1,ET
에티오피아,밀라노무역관,일반,4,ET
에티오피아,아디스아바바무역관,글로벌,4,ET
에티오피아,아디스아바바무역관,유력,2,ET
에티오피아,아디스아바바무역관,일반,921,ET
에티오피아,아테네무역관,일반,1,ET
에티오피아,요하네스버그무역관,일반,3,ET
에티오피아,이스탄불무역관,일반,1,ET
에티오피아,함부르크무역관,일반,1,ET
엘살바도르,과테말라무역관,유력,2,
엘살바도르,과테말라무역관,일반,290,
엘살바도르,뉴욕무역관,일반,12,
엘살바도르,런던무역관,일반,2,
엘살바도르,로스앤젤레스무역관,일반,6,
엘살바도르,밀라노무역관,일반,2,
엘살바도르,보고타무역관,일반,1,
엘살바도르,싱가포르무역관,일반,1,
엘살바도르,파나마무역관,일반,5,
엘살바도르,파리무역관,일반,1,
영국,광저우무역관,일반,2,GB
영국,나고야무역관,일반,1,GB
영국,뉴욕무역관,일반,34,GB
영국,두바이무역관,일반,25,GB
영국,디트로이트무역관,일반,1,GB
영국,라고스무역관,일반,2,GB
영국,런던무역관,글로벌,31,GB
영국,런던무역관,유력,18,GB
영국,런던무역관,일반,7422,GB
영국,로스앤젤레스무역관,글로벌,1,GB
영국,로스앤젤레스무역관,일반,17,GB
영국,마드리드무역관,일반,16,GB
영국,멜버른무역관,글로벌,1,GB
영국,모스크바무역관,일반,2,GB
영국,뮌헨무역관,일반,2,GB
영국,밀라노무역관,일반,200,GB
영국,방콕무역관,일반,1,GB
영국,밴쿠버무역관,일반,1,GB
영국,베이징무역관,일반,2,GB
영국,브라티슬라바무역관,일반,1,GB
영국,빈무역관,일반,2,GB
영국,상파울루무역관,일반,1,GB
영국,상하이무역관,일반,22,GB
영국,스톡홀름무역관,일반,1,GB
영국,시드니무역관,일반,1,GB
영국,시카고무역관,일반,13,GB
영국,실리콘밸리무역관,글로벌,1,GB
영국,실리콘밸리무역관,일반,12,GB
영국,싱가포르무역관,일반,18,GB
영국,아바나무역관,일반,1,GB
영국,아테네무역관,일반,3,GB
영국,암스테르담무역관,일반,6,GB
영국,오사카무역관,일반,2,GB
영국,요하네스버그무역관,일반,1,GB
영국,워싱톤무역관,일반,5,GB
영국,이스탄불무역관,일반,1,GB
영국,취리히무역관,일반,16,GB
영국,카라치무역관,일반,1,GB
영국,쿠알라룸푸르무역관,일반,2,GB
영국,키토무역관,일반,1,GB
영국,타이베이무역관,일반,4,GB
영국,토론토무역관,일반,1,GB
영국,파리무역관,일반,69,GB
영국,프랑크푸르트무역관,글로벌,1,GB
영국,프랑크푸르트무역관,일반,13,GB
영국,함부르크무역관,일반,46,GB
영국,홍콩무역관,일반,21,GB
영국령 인도양 지역,밀라노무역관,일반,1,
예멘,광저우무역관,일반,3,
예멘,두바이무역관,일반,31,
예멘,리야드무역관,일반,65,
예멘,밀라노무역관,일반,1,
예멘,상하이무역관,일반,1,
예멘,샤먼무역관,일반,1,
예멘,암만무역관,일반,1,
예멘,트리폴리무역관,일반,1,
오만,광저우무역관,일반,1,OM
오만,도하무역관,일반,1,OM
오만,두바이무역관,일반,96,OM
오만,런던무역관,일반,2,OM
오만,리야드무역관,일반,1,OM
오만,무스카트무역관,글로벌,16,OM
오만,무스카트무역관,유력,13,OM
오만,무스카트무역관,일반,1015,OM
오만,밀라노무역관,일반,4,OM
오만,밴쿠버무역관,일반,1,OM
오만,베이징무역관,일반,1,OM
오만,상하이무역관,일반,1,OM
오만,실리콘밸리무역관,일반,2,OM
오만,싱가포르무역관,일반,3,OM
오만,암만무역관,일반,2,OM
오만,이스탄불무역관,일반,1,OM
오만,카라치무역관,일반,1,OM
오만,쿠알라룸푸르무역관,일반,1,OM
오만,함부르크무역관,일반,2,OM
오스트리아,광저우무역관,일반,3,AT
오스트리아,도쿄무역관,일반,1,AT
오스트리아,두바이무역관,일반,1,AT
오스트리아,로스앤젤레스무역관,일반,2,AT
오스트리아,마드리드무역관,일반,15,AT
오스트리아,뮌헨무역관,일반,13,AT
오스트리아,밀라노무역관,일반,29,AT
오스트리아,빈무역관,글로벌,27,AT
오스트리아,빈무역관,유력,27,AT
오스트리아,빈무역관,일반,973,AT
오스트리아,선전무역관,일반,1,AT
오스트리아,시카고무역관,일반,2,AT
오스트리아,실리콘밸리무역관,일반,1,AT
오스트리아,싱가포르무역관,일반,5,AT
오스트리아,암스테르담무역관,일반,1,AT
오스트리아,취리히무역관,일반,3,AT
오스트리아,파리무역관,일반,4,AT
오스트리아,프라하무역관,일반,1,AT
오스트리아,프랑크푸르트무역관,일반,6,AT
오스트리아,함부르크무역관,일반,19,AT
오스트리아,홍콩무역관,일반,3,AT
온두라스,과테말라무역관,글로벌,1,
온두라스,과테말라무역관,일반,178,
온두라스,뉴욕무역관,일반,14,
온두라스,로스앤젤레스무역관,일반,6,
온두라스,마이애미무역관,일반,2,
온두라스,멕시코시티무역관,일반,1,
온두라스,파나마무역관,일반,2,
온두라스,파리무역관,일반,1,
온두라스,홍콩무역관,일반,1,
요르단,광저우무역관,일반,1,JO
요르단,도하무역관,일반,1,JO
요르단,두바이무역관,일반,114,JO
요르단,런던무역관,일반,3,JO
요르단,리야드무역관,일반,2,JO
요르단,마드리드무역관,일반,1,JO
요르단,밀라노무역관,일반,12,JO
요르단,상하이무역관,일반,4,JO
요르단,싱가포르무역관,일반,1,JO
요르단,알마티무역관,일반,1,JO
요르단,암만무역관,글로벌,3,JO
요르단,암만무역관,유력,20,JO
요르단,암만무역관,일반,2237,JO
요르단,이스탄불무역관,일반,9,JO
요르단,취리히무역관,일반,1,JO
요르단,쿠웨이트무역관,일반,2,JO
요르단,파리무역관,일반,2,JO
요르단,프라하무역관,일반,2,JO
요르단,프랑크푸르트무역관,일반,1,JO
요르단,함부르크무역관,일반,1,JO
요르단,홍콩무역관,일반,1,JO
우간다,나이로비무역관,글로벌,1,
우간다,나이로비무역관,유력,1,
우간다,나이로비무역관,일반,109,
우간다,다레살람무역관,일반,1,
우간다,두바이무역관,일반,10,
우간다,마드리드무역관,일반,1,
우간다,밀라노무역관,일반,2,
우간다,베이징무역관,일반,1,
우간다,암만무역관,일반,1,
우간다,요하네스버그무역관,일반,1,
우간다,이스탄불무역관,일반,1,
우간다,키예프무역관,일반,1,
우루과이,과테말라무역관,일반,1,
우루과이,광저우무역관,일반,1,
우루과이,두바이무역관,일반,1,
우루과이,리마무역관,일반,1,
우루과이,뮌헨무역관,일반,2,
우루과이,밀라노무역관,일반,2,
우루과이,베이징무역관,일반,1,
우루과이,부에노스아이레스무역관,유력,1,
우루과이,부에노스아이레스무역관,일반,254,
우루과이,상파울루무역관,일반,2,
우루과이,상하이무역관,일반,2,
우루과이,실리콘밸리무역관,일반,3,
우루과이,아바나무역관,일반,1,
우루과이,암스테르담무역관,일반,1,
우루과이,키토무역관,일반,1,
우루과이,타슈켄트무역관,일반,1,
우루과이,파나마무역관,일반,1,
우루과이,파리무역관,일반,1,
우루과이,함부르크무역관,일반,2,
우즈베키스탄,광저우무역관,일반,1,UZ
우즈베키스탄,두바이무역관,일반,14,UZ
우즈베키스탄,런던무역관,일반,2,UZ
우즈베키스탄,모스크바무역관,일반,6,UZ
우즈베키스탄,밀라노무역관,일반,1,UZ
우즈베키스탄,상하이무역관,일반,2,UZ
우즈베키스탄,싱가포르무역관,일반,1,UZ
우즈베키스탄,알마티무역관,일반,2,UZ
우즈베키스탄,요하네스버그무역관,일반,2,UZ
우즈베키스탄,이스탄불무역관,일반,3,UZ
우즈베키스탄,키예프무역관,일반,2,UZ
우즈베키스탄,타슈켄트무역관,글로벌,7,UZ
우즈베키스탄,타슈켄트무역관,유력,8,UZ
우즈베키스탄,타슈켄트무역관,일반,2020,UZ
우크라이나,광저우무역관,일반,1,
우크라이나,뉴욕무역관,일반,1,
우크라이나,두바이무역관,일반,18,
우크라이나,런던무역관,일반,2,
우크라이나,마드리드무역관,일반,3,
우크라이나,모스크바무역관,일반,2,
우크라이나,밀라노무역관,일반,34,
우크라이나,부쿠레슈티무역관,일반,1,
우크라이나,상트페테르부르크무역관,일반,4,
우크라이나,상하이무역관,일반,4,
우크라이나,암스테르담무역관,일반,2,
우크라이나,워싱톤무역관,일반,1,
우크라이나,이스탄불무역관,일반,1,
우크라이나,취리히무역관,일반,2,
우크라이나,키예프무역관,글로벌,2,
우크라이나,키예프무역관,유력,6,
우크라이나,키예프무역관,일반,2208,
우크라이나,타슈켄트무역관,일반,1,
우크라이나,프랑크푸르트무역관,일반,4,
우크라이나,함부르크무역관,일반,4,
우크라이나,홍콩무역관,일반,7,
"월리스,후투나",하노이무역관,일반,1,
유고슬라비아,밀라노무역관,일반,2,
유고슬라비아,밴쿠버무역관,일반,1,
유고슬라비아,워싱톤무역관,일반,1,
유고슬라비아,함부르크무역관,일반,1,
이라크,광저우무역관,일반,1,IQ
이라크,뉴델리무역관,일반,1,IQ
이라크,뉴욕무역관,일반,3,IQ
이라크,두바이무역관,일반,218,IQ
이라크,리야드무역관,일반,1,IQ
이라크,밀라노무역관,일반,20,IQ
이라크,바그다드무역관,글로벌,1,IQ
이라크,바그다드무역관,유력,2,IQ
이라크,바그다드무역관,일반,787,IQ
이라크,상하이무역관,일반,2,IQ
이라크,싱가포르무역관,일반,2,IQ
이라크,암만무역관,일반,9,IQ
이라크,이스탄불무역관,일반,2,IQ
이라크,카이로무역관,일반,3,IQ
이라크,테헤란무역관,일반,4,IQ
이란,광저우무역관,일반,4,IR
이란,두바이무역관,일반,246,IR
이란,밀라노무역관,일반,15,IR
이란,밴쿠버무역관,일반,1,IR
이란,베이징무역관,일반,3,IR
이란,상하이무역관,일반,5,IR
이란,싱가포르무역관,일반,10,IR
이란,암스테르담무역관,일반,1,IR
이란,이스탄불무역관,일반,7,IR
이란,타이베이무역관,일반,3,IR
이란,테헤란무역관,글로벌,10,IR
이란,테헤란무역관,유력,24,IR
이란,테헤란무역관,일반,3646,IR
이란,텔아비브무역관,일반,1,IR
이란,파나마무역관,일반,1,IR
이란,파리무역관,일반,4,IR
이란,프랑크푸르트무역관,일반,1,IR
이란,함부르크무역관,일반,5,IR
이란,홍콩무역관,일반,3,IR
이스라엘,광저우무역관,일반,7,IL
이스라엘,뉴욕무역관,일반,14,IL
이스라엘,도쿄무역관,일반,1,IL
이스라엘,두바이무역관,일반,36,IL
이스라엘,런던무역관,일반,8,IL
이스라엘,로스앤젤레스무역관,일반,3,IL
이스라엘,리야드무역관,일반,1,IL
이스라엘,마드리드무역관,일반,6,IL
이스라엘,모스크바무역관,일반,2,IL
이스라엘,뮌헨무역관,일반,2,IL
이스라엘,밀라노무역관,일반,68,IL
이스라엘,베이징무역관,일반,1,IL
이스라엘,상하이무역관,일반,2,IL
이스라엘,시카고무역관,일반,1,IL
이스라엘,실리콘밸리무역관,글로벌,1,IL
이스라엘,실리콘밸리무역관,일반,5,IL
이스라엘,싱가포르무역관,일반,10,IL
이스라엘,암스테르담무역관,일반,3,IL
이스라엘,워싱톤무역관,일반,5,IL
이스라엘,이스탄불무역관,일반,2,IL
이스라엘,자카르타무역관,일반,1,IL
이스라엘,첸나이무역관,일반,1,IL
이스라엘,취리히무역관,일반,2,IL
이스라엘,쿠웨이트무역관,일반,1,IL
이스라엘,텔아비브무역관,글로벌,12,IL
이스라엘,텔아비브무역관,유력,20,IL
이스라엘,텔아비브무역관,일반,1609,IL
이스라엘,파리무역관,일반,11,IL
이스라엘,프랑크푸르트무역관,일반,3,IL
이스라엘,함부르크무역관,일반,16,IL
이스라엘,홍콩무역관,일반,15,IL
이집트,광저우무역관,일반,4,EG
이집트,나이로비무역관,일반,1,EG
이집트,뉴욕무역관,일반,4,EG
이집트,두바이무역관,일반,190,EG
이집트,런던무역관,일반,4,EG
이집트,로스앤젤레스무역관,일반,3,EG
이집트,리야드무역관,일반,1,EG
이집트,마드리드무역관,일반,1,EG
이집트,모스크바무역관,일반,1,EG
이집트,밀라노무역관,일반,24,EG
이집트,바그다드무역관,일반,1,EG
이집트,베이징무역관,일반,1,EG
이집트,상하이무역관,일반,4,EG
이집트,선양무역관,일반,1,EG
이집트,싱가포르무역관,일반,2,EG
이집트,워싱톤무역관,일반,2,EG
이집트,이스탄불무역관,일반,3,EG
이집트,취리히무역관,일반,1,EG
이집트,카이로무역관,글로벌,29,EG
이집트,카이로무역관,유력,41,EG
이집트,카이로무역관,일반,3397,EG
이집트,트리폴리무역관,일반,10,EG
이집트,파리무역관,일반,9,EG
이집트,함부르크무역관,일반,9,EG
이집트,홍콩무역관,일반,4,EG
이탈리아,노보시비르스크무역관,일반,1,IT
이탈리아,뉴델리무역관,일반,2,IT
이탈리아,뉴욕무역관,일반,14,IT
이탈리아,달라스무역관,일반,1,IT
이탈리아,도쿄무역관,일반,2,IT
이탈리아,두바이무역관,일반,37,IT
이탈리아,디트로이트무역관,일반,2,IT
이탈리아,라고스무역관,일반,1,IT
이탈리아,런던무역관,일반,13,IT
이탈리아,로스앤젤레스무역관,일반,3,IT
이탈리아,리야드무역관,일반,1,IT
이탈리아,마드리드무역관,일반,12,IT
이탈리아,모스크바무역관,일반,3,IT
이탈리아,뮌헨무역관,일반,10,IT
이탈리아,민스크무역관,일반,2,IT
이탈리아,밀라노무역관,글로벌,18,IT
이탈리아,밀라노무역관,유력,12,IT
이탈리아,밀라노무역관,일반,6087,IT
이탈리아,바르샤바무역관,일반,1,IT
이탈리아,베이징무역관,일반,4,IT
이탈리아,브뤼셀무역관,일반,1,IT
이탈리아,상하이무역관,일반,12,IT
이탈리아,선전무역관,일반,1,IT
이탈리아,시카고무역관,일반,3,IT
이탈리아,실리콘밸리무역관,일반,8,IT
이탈리아,싱가포르무역관,일반,25,IT
이탈리아,아테네무역관,일반,1,IT
이탈리아,암스테르담무역관,일반,11,IT
이탈리아,오사카무역관,일반,1,IT
이탈리아,워싱톤무역관,일반,1,IT
이탈리아,이스탄불무역관,일반,2,IT
이탈리아,취리히무역관,일반,21,IT
이탈리아,타이베이무역관,일반,2,IT
이탈리아,파리무역관,일반,55,IT
이탈리아,프랑크푸르트무역관,일반,19,IT
이탈리아,함부르크무역관,글로벌,2,IT
이탈리아,함부르크무역관,일반,62,IT
이탈리아,홍콩무역관,일반,33,IT
인도,광저우무역관,일반,15,IN
인도,나고야무역관,일반,1,IN
인도,노보시비르스크무역관,일반,2,IN
인도,뉴델리무역관,글로벌,90,IN
인도,뉴델리무역관,유력,24,IN
인도,뉴델리무역관,일반,9525,IN
인도,뉴욕무역관,글로벌,1,IN
인도,뉴욕무역관,일반,21,IN
인도,달라스무역관,일반,1,IN
인도,도쿄무역관,일반,3,IN
인도,두바이무역관,일반,229,IN
인도,런던무역관,일반,16,IN
인도,로스앤젤레스무역관,일반,9,IN
인도,마닐라무역관,일반,2,IN
인도,마드리드무역관,일반,11,IN
인도,모스크바무역관,일반,7,IN
인도,뭄바이무역관,글로벌,108,IN
인도,뭄바이무역관,유력,131,IN
인도,뭄바이무역관,일반,6021,IN
인도,뮌헨무역관,일반,3,IN
인도,밀라노무역관,일반,90,IN
인도,방콕무역관,일반,3,IN
인도,베이징무역관,일반,9,IN
인도,벵갈루루무역관,글로벌,9,IN
인도,벵갈루루무역관,일반,1960,IN
인도,상트페테르부르크무역관,일반,1,IN
인도,상하이무역관,일반,68,IN
인도,선전무역관,일반,1,IN
인도,수라바야무역관,일반,1,IN
인도,시카고무역관,일반,9,IN
인도,실리콘밸리무역관,글로벌,1,IN
인도,실리콘밸리무역관,일반,19,IN
인도,싱가포르무역관,일반,223,IN
인도,아바나무역관,일반,2,IN
인도,암만무역관,일반,1,IN
인도,암스테르담무역관,일반,5,IN
인도,오사카무역관,일반,3,IN
인도,워싱톤무역관,일반,4,IN
인도,자카르타무역관,일반,4,IN
인도,첸나이무역관,글로벌,11,IN
인도,첸나이무역관,유력,2,IN
인도,첸나이무역관,일반,3012,IN
인도,충칭무역관,일반,1,IN
인도,취리히무역관,일반,17,IN
인도,콜카타무역관,글로벌,5,IN
인도,콜카타무역관,유력,3,IN
인도,콜카타무역관,일반,922,IN
인도,타이베이무역관,일반,7,IN
인도,토론토무역관,일반,2,IN
인도,파리무역관,일반,24,IN
인도,프라하무역관,일반,1,IN
인도,프랑크푸르트무역관,일반,3,IN
인도,함부르크무역관,일반,54,IN
인도,홍콩무역관,일반,40,IN
인도네시아,광저우무역관,일반,3,ID
인도네시아,뉴델리무역관,일반,2,ID
인도네시아,뉴욕무역관,일반,2,ID
인도네시아,다레살람무역관,일반,1,ID
인도네시아,도쿄무역관,일반,7,ID
인도네시아,두바이무역관,일반,5,ID
인도네시아,로스앤젤레스무역관,일반,2,ID
인도네시아,마닐라무역관,일반,2,ID
인도네시아,뭄바이무역관,일반,1,ID
인도네시아,밀라노무역관,일반,22,ID
인도네시아,베이징무역관,일반,2,ID
인도네시아,상하이무역관,일반,20,ID
인도네시아,수라바야무역관,글로벌,15,ID
인도네시아,수라바야무역관,유력,29,ID
인도네시아,수라바야무역관,일반,1552,ID
인도네시아,시드니무역관,일반,1,ID
인도네시아,시카고무역관,일반,1,ID
인도네시아,실리콘밸리무역관,일반,1,ID
인도네시아,싱가포르무역관,일반,126,ID
인도네시아,암스테르담무역관,일반,1,ID
인도네시아,오사카무역관,일반,1,ID
인도네시아,워싱톤무역관,일반,1,ID
인도네시아,이스탄불무역관,일반,1,ID
인도네시아,자그레브무역관,일반,2,ID
인도네시아,자카르타무역관,글로벌,95,ID
인도네시아,자카르타무역관,유력,214,ID
인도네시아,자카르타무역관,일반,7343,ID
인도네시아,정저우무역관,일반,2,ID
인도네시아,취리히무역관,일반,2,ID
인도네시아,쿠알라룸푸르무역관,일반,15,ID
인도네시아,파리무역관,일반,3,ID
인도네시아,프랑크푸르트무역관,일반,1,ID
인도네시아,함부르크무역관,일반,5,ID
인도네시아,홍콩무역관,일반,32,ID
일본,광저우무역관,일반,5,JP
일본,나고야무역관,글로벌,179,JP
일본,나고야무역관,유력,47,JP
일본,나고야무역관,일반,1575,JP
일본,나이로비무역관,일반,1,JP
일본,난징무역관,일반,1,JP
일본,뉴욕무역관,일반,39,JP
일본,달라스무역관,일반,1,JP
일본,도쿄무역관,글로벌,711,JP
일본,도쿄무역관,유력,139,JP
일본,도쿄무역관,일반,9821,JP
일본,도하무역관,일반,3,JP
일본,두바이무역관,일반,8,JP
일본,디트로이트무역관,일반,1,JP
일본,런던무역관,일반,1,JP
일본,로스앤젤레스무역관,글로벌,2,JP
일본,로스앤젤레스무역관,유력,2,JP
일본,로스앤젤레스무역관,일반,14,JP
일본,마드리드무역관,일반,3,JP
일본,밀라노무역관,일반,19,JP
일본,방콕무역관,일반,2,JP
일본,상하이무역관,일반,654,JP
일본,선전무역관,일반,6,JP
일본,시카고무역관,일반,7,JP
일본,실리콘밸리무역관,일반,30,JP
일본,싱가포르무역관,일반,79,JP
일본,암만무역관,일반,1,JP
일본,오사카무역관,글로벌,177,JP
일본,오사카무역관,유력,44,JP
일본,오사카무역관,일반,5204,JP
일본,이스탄불무역관,글로벌,1,JP
일본,자카르타무역관,일반,1,JP
일본,취리히무역관,일반,1,JP
일본,타이베이무역관,일반,19,JP
일본,파리무역관,일반,9,JP
일본,프랑크푸르트무역관,유력,1,JP
일본,프랑크푸르트무역관,일반,1,JP
일본,하노이무역관,일반,1,JP
일본,함부르크무역관,일반,19,JP
일본,항저우무역관,일반,1,JP
일본,홍콩무역관,일반,61,JP
일본,후쿠오카무역관,글로벌,59,JP
일본,후쿠오카무역관,유력,40,JP
일본,후쿠오카무역관,일반,1229,JP
자메이카,뉴욕무역관,일반,2,
자메이카,도쿄무역관,일반,2,
자메이카,로스앤젤레스무역관,일반,3,
자메이카,상하이무역관,일반,1,
자메이카,아바나무역관,일반,1,
자메이카,파나마무역관,일반,22,
자메이카,함부르크무역관,일반,3,
잠비아,광저우무역관,일반,2,
잠비아,다레살람무역관,일반,1,
잠비아,두바이무역관,일반,9,
잠비아,마푸투무역관,일반,1,
잠비아,상하이무역관,일반,2,
잠비아,요하네스버그무역관,일반,36,
저지섬,상하이무역관,일반,1,
저지섬,암만무역관,일반,1,
적도기니,두바이무역관,일반,1,
조지아,광저우무역관,일반,4,
조지아,난징무역관,일반,2,
조지아,노보시비르스크무역관,일반,1,
조지아,뉴욕무역관,일반,3,
조지아,다롄무역관,일반,3,
조지아,두바이무역관,일반,14,
조지아,런던무역관,일반,4,
조지아,마드리드무역관,일반,1,
조지아,모스크바무역관,일반,2,
조지아,뭄바이무역관,일반,1,
조지아,밀라노무역관,일반,13,
조지아,바쿠무역관,일반,85,
조지아,베이징무역관,일반,5,
조지아,상하이무역관,유력,1,
조지아,상하이무역관,일반,23,
조지아,선양무역관,일반,1,
조지아,선전무역관,일반,6,
조지아,소피아무역관,일반,1,
조지아,싱가포르무역관,일반,1,
조지아,이스탄불무역관,일반,5,
조지아,창사무역관,글로벌,1,
조지아,창사무역관,일반,1,
조지아,칭다오무역관,일반,1,
조지아,카사블랑카무역관,일반,1,
조지아,톈진무역관,일반,1,
조지아,파리무역관,일반,3,
조지아,프랑크푸르트무역관,일반,2,
조지아,항저우무역관,일반,1,
조지아,홍콩무역관,일반,1,
중국,광저우무역관,글로벌,91,CN
중국,광저우무역관,유력,68,CN
중국,광저우무역관,일반,4050,CN
중국,나이로비무역관,일반,1,CN
중국,난징무역관,글로벌,167,CN
중국,난징무역관,유력,33,CN
중국,난징무역관,일반,2214,CN
중국,뉴델리무역관,일반,2,CN
중국,뉴욕무역관,일반,33,CN
중국,다레살람무역관,일반,3,CN
중국,다롄무역관,글로벌,112,CN
중국,다롄무역관,유력,128,CN
중국,다롄무역관,일반,1937,CN
중국,달라스무역관,일반,3,CN
중국,도쿄무역관,일반,16,CN
중국,두바이무역관,일반,15,CN
중국,런던무역관,일반,4,CN
중국,로스앤젤레스무역관,일반,18,CN
중국,마드리드무역관,일반,4,CN
중국,멜버른무역관,일반,1,CN
중국,모스크바무역관,일반,5,CN
중국,밀라노무역관,일반,35,CN
중국,방콕무역관,일반,2,CN
중국,밴쿠버무역관,일반,1,CN
중국,베오그라드무역관,일반,1,CN
중국,베이징무역관,글로벌,128,CN
중국,베이징무역관,유력,139,CN
중국,베이징무역관,일반,11075,CN
중국,벵갈루루무역관,일반,2,CN
중국,상트페테르부르크무역관,일반,2,CN
중국,상파울루무역관,일반,5,CN
중국,상하이무역관,글로벌,176,CN
중국,상하이무역관,유력,2043,CN
중국,상하이무역관,일반,21805,CN
중국,샤먼무역관,글로벌,58,CN
중국,샤먼무역관,유력,51,CN
중국,샤먼무역관,일반,659,CN
중국,선양무역관,글로벌,31,CN
중국,선양무역관,유력,66,CN
중국,선양무역관,일반,1887,CN
중국,선전무역관,글로벌,53,CN
중국,선전무역관,유력,46,CN
중국,선전무역관,일반,4265,CN
중국,수라바야무역관,일반,1,CN
중국,시안무역관,글로벌,32,CN
중국,시안무역관,유력,28,CN
중국,시안무역관,일반,1602,CN
중국,시카고무역관,일반,4,CN
중국,실리콘밸리무역관,일반,13,CN
중국,싱가포르무역관,일반,81,CN
중국,암스테르담무역관,일반,2,CN
중국,양곤무역관,일반,7,CN
중국,오사카무역관,일반,18,CN
중국,우한무역관,글로벌,18,CN
중국,우한무역관,유력,32,CN
중국,우한무역관,일반,1523,CN
중국,워싱톤무역관,일반,1,CN
중국,자카르타무역관,일반,5,CN
중국,정저우무역관,글로벌,24,CN
중국,정저우무역관,유력,102,CN
중국,정저우무역관,일반,967,CN
중국,창사무역관,글로벌,38,CN
중국,창사무역관,유력,48,CN
중국,창사무역관,일반,860,CN
중국,청두무역관,글로벌,32,CN
중국,청두무역관,유력,79,CN
중국,청두무역관,일반,2041,CN
중국,첸나이무역관,일반,1,CN
중국,충칭무역관,글로벌,16,CN
중국,충칭무역관,유력,34,CN
중국,충칭무역관,일반,1371,CN
중국,취리히무역관,일반,14,CN
중국,칭다오무역관,글로벌,73,CN
중국,칭다오무역관,유력,143,CN
중국,칭다오무역관,일반,2322,CN
중국,카이로무역관,일반,1,CN
중국,코펜하겐무역관,일반,1,CN
중국,콜카타무역관,일반,1,CN
중국,쿠알라룸푸르무역관,일반,6,CN
중국,타이베이무역관,일반,23,CN
중국,테헤란무역관,일반,1,CN
중국,톈진무역관,글로벌,19,CN
중국,톈진무역관,유력,31,CN
중국,톈진무역관,일반,1927,CN
중국,토론토무역관,일반,4,CN
중국,파리무역관,일반,22,CN
중국,프라하무역관,일반,2,CN
중국,프랑크푸르트무역관,일반,3,CN
중국,하노이무역관,일반,2,CN
중국,함부르크무역관,일반,39,CN
중국,항저우무역관,글로벌,43,CN
중국,항저우무역관,유력,44,CN
중국,항저우무역관,일반,2545,CN
중국,홍콩무역관,글로벌,4,CN
중국,홍콩무역관,유력,1,CN
중국,홍콩무역관,일반,351,CN
중앙아프리카공화국,광저우무역관,일반,3,
중앙아프리카공화국,난징무역관,일반,1,
중앙아프리카공화국,라고스무역관,일반,1,
중앙아프리카공화국,상하이무역관,일반,11,
중앙아프리카공화국,선전무역관,일반,2,
중앙아프리카공화국,시안무역관,일반,2,
중앙아프리카공화국,싱가포르무역관,일반,1,
중앙아프리카공화국,정저우무역관,일반,1,
중앙아프리카공화국,충칭무역관,일반,1,
중앙아프리카공화국,항저우무역관,일반,1,
지부티,베이징무역관,일반,2,
지부티,상파울루무역관,일반,1,
지부티,아디스아바바무역관,일반,26,
지부티,자그레브무역관,일반,1,
지브롤터,뉴욕무역관,일반,1,
지브롤터,베이징무역관,일반,1,
지브롤터,싱가포르무역관,일반,2,
지브롤터,칭다오무역관,일반,1,
짐바브웨,두바이무역관,일반,1,
짐바브웨,마푸투무역관,일반,1,
짐바브웨,요하네스버그무역관,일반,40,
차드,라고스무역관,일반,1,
차드,산티아고무역관,일반,1,
체코공화국,뉴욕무역관,일반,3,
체코공화국,두바이무역관,일반,9,
체코공화국,런던무역관,일반,7,
체코공화국,로스앤젤레스무역관,유력,1,
체코공화국,뮌헨무역관,일반,2,
체코공화국,밀라노무역관,일반,46,
체코공화국,부쿠레슈티무역관,일반,1,
체코공화국,실리콘밸리무역관,일반,1,
체코공화국,싱가포르무역관,일반,3,
체코공화국,암스테르담무역관,일반,2,
체코공화국,취리히무역관,일반,5,
체코공화국,파리무역관,일반,10,
체코공화국,프라하무역관,글로벌,10,
체코공화국,프라하무역관,유력,8,
체코공화국,프라하무역관,일반,1752,
체코공화국,프랑크푸르트무역관,일반,7,
체코공화국,함부르크무역관,일반,17,
체코공화국,홍콩무역관,일반,6,
칠레,광저우무역관,일반,5,CL
칠레,뉴욕무역관,일반,12,CL
칠레,두바이무역관,일반,1,CL
칠레,런던무역관,일반,1,CL
칠레,로스앤젤레스무역관,일반,9,CL
칠레,마드리드무역관,일반,3,CL
칠레,멕시코시티무역관,일반,2,CL
칠레,뮌헨무역관,일반,1,CL
칠레,밀라노무역관,일반,21,CL
칠레,베이징무역관,일반,1,CL
칠레,부에노스아이레스무역관,일반,1,CL
칠레,산토도밍고무역관,일반,2,CL
칠레,산티아고무역관,글로벌,9,CL
칠레,산티아고무역관,유력,14,CL
칠레,산티아고무역관,일반,3652,CL
칠레,상파울루무역관,일반,7,CL
칠레,상하이무역관,유력,1,CL
칠레,상하이무역관,일반,1,CL
칠레,시카고무역관,일반,6,CL
칠레,실리콘밸리무역관,일반,1,CL
칠레,싱가포르무역관,일반,1,CL
칠레,취리히무역관,일반,1,CL
칠레,함부르크무역관,일반,10,CL
칠레,홍콩무역관,일반,7,CL
카메룬,두바이무역관,일반,6,
카메룬,라고스무역관,일반,41,
카메룬,밀라노무역관,일반,4,
카메룬,아비장무역관,일반,1,
카메룬,요하네스버그무역관,일반,2,
카메룬,파리무역관,일반,2,
카이만제도,로스앤젤레스무역관,일반,1,
카이만제도,아바나무역관,일반,1,
카이만제도,자카르타무역관,일반,1,
카자흐스탄,도하무역관,일반,1,KZ
카자흐스탄,두바이무역관,일반,19,KZ
카자흐스탄,런던무역관,일반,15,KZ
카자흐스탄,로스앤젤레스무역관,일반,1,KZ
카자흐스탄,모스크바무역관,일반,14,KZ
카자흐스탄,민스크무역관,일반,1,KZ
카자흐스탄,밀라노무역관,일반,4,KZ
카자흐스탄,상하이무역관,일반,1,KZ
카자흐스탄,시카고무역관,일반,1,KZ
카자흐스탄,실리콘밸리무역관,일반,2,KZ
카자흐스탄,싱가포르무역관,일반,5,KZ
카자흐스탄,알마티무역관,글로벌,30,KZ
카자흐스탄,알마티무역관,유력,29,KZ
카자흐스탄,알마티무역관,일반,2843,KZ
카자흐스탄,이스탄불무역관,일반,1,KZ
카자흐스탄,카라치무역관,일반,1,KZ
카자흐스탄,타슈켄트무역관,일반,1,KZ
카자흐스탄,파리무역관,일반,1,KZ
카자흐스탄,홍콩무역관,일반,5,KZ
카타르,광저우무역관,일반,11,QA
카타르,도하무역관,글로벌,15,QA
카타르,도하무역관,유력,16,QA
카타르,도하무역관,일반,1636,QA
카타르,두바이무역관,일반,88,QA
카타르,런던무역관,일반,5,QA
카타르,마드리드무역관,일반,1,QA
카타르,뮌헨무역관,일반,2,QA
카타르,밀라노무역관,일반,10,QA
카타르,상하이무역관,일반,2,QA
카타르,시카고무역관,일반,3,QA
카타르,싱가포르무역관,일반,2,QA
카타르,이스탄불무역관,일반,1,QA
카타르,자카르타무역관,일반,1,QA
카타르,쿠웨이트무역관,일반,1,QA
카타르,파리무역관,일반,3,QA
카타르,프랑크푸르트무역관,일반,2,QA
카타르,홍콩무역관,일반,2,QA
캄보디아,밴쿠버무역관,일반,1,KH
캄보디아,보고타무역관,일반,1,KH
캄보디아,상하이무역관,일반,1,KH
캄보디아,싱가포르무역관,일반,7,KH
캄보디아,자카르타무역관,일반,1,KH
캄보디아,쿠알라룸푸르무역관,일반,6,KH
캄보디아,토론토무역관,일반,1,KH
캄보디아,파리무역관,일반,1,KH
캄보디아,프놈펜무역관,글로벌,12,KH
캄보디아,프놈펜무역관,유력,12,KH
캄보디아,프놈펜무역관,일반,1431,KH
캄보디아,하노이무역관,일반,1,KH
캄보디아,홍콩무역관,일반,1,KH
캐나다,광저우무역관,일반,7,CA
캐나다,나고야무역관,일반,1,CA
캐나다,나이로비무역관,일반,2,CA
캐나다,뉴욕무역관,유력,1,CA
캐나다,뉴욕무역관,일반,53,CA
캐나다,달라스무역관,일반,2,CA
캐나다,두바이무역관,일반,13,CA
캐나다,디트로이트무역관,글로벌,1,CA
캐나다,디트로이트무역관,일반,14,CA
캐나다,런던무역관,일반,4,CA
캐나다,로스앤젤레스무역관,글로벌,1,CA
캐나다,로스앤젤레스무역관,일반,49,CA
캐나다,마푸투무역관,글로벌,1,CA
캐나다,밀라노무역관,일반,36,CA
캐나다,밴쿠버무역관,글로벌,44,CA
캐나다,밴쿠버무역관,유력,18,CA
캐나다,밴쿠버무역관,일반,1937,CA
캐나다,베이징무역관,일반,1,CA
캐나다,상하이무역관,일반,5,CA
캐나다,선전무역관,일반,1,CA
캐나다,시카고무역관,일반,31,CA
캐나다,실리콘밸리무역관,일반,40,CA
캐나다,싱가포르무역관,일반,13,CA
캐나다,아바나무역관,일반,1,CA
캐나다,암스테르담무역관,일반,1,CA
캐나다,양곤무역관,일반,1,CA
캐나다,워싱톤무역관,일반,14,CA
캐나다,취리히무역관,일반,1,CA
캐나다,타이베이무역관,일반,1,CA
캐나다,토론토무역관,글로벌,100,CA
캐나다,토론토무역관,유력,80,CA
캐나다,토론토무역관,일반,3559,CA
캐나다,파리무역관,일반,14,CA
캐나다,함부르크무역관,글로벌,1,CA
캐나다,함부르크무역관,일반,2,CA
캐나다,홍콩무역관,일반,13,CA
케냐,광저우무역관,일반,1,KE
케냐,나이로비무역관,글로벌,18,KE
케냐,나이로비무역관,유력,11,KE
케냐,나이로비무역관,일반,3380,KE
케냐,다레살람무역관,일반,2,KE
케냐,두바이무역관,일반,15,KE
케냐,마푸투무역관,일반,1,KE
케냐,밀라노무역관,일반,9,KE
케냐,상하이무역관,일반,1,KE
케냐,실리콘밸리무역관,일반,1,KE
케냐,싱가포르무역관,일반,1,KE
케냐,요하네스버그무역관,일반,1,KE
케냐,홍콩무역관,일반,1,KE
코모로,나이로비무역관,일반,1,
코소보,두바이무역관,일반,4,
코소보,런던무역관,일반,1,
코소보,밀라노무역관,일반,7,
코소보,베오그라드무역관,글로벌,1,
코소보,베오그라드무역관,일반,30,
코소보,소피아무역관,일반,1,
코소보,이스탄불무역관,일반,2,
코소보,자그레브무역관,일반,2,
코소보,파리무역관,일반,1,
코스타리카,과테말라무역관,일반,1,
코스타리카,광저우무역관,일반,1,
코스타리카,뉴욕무역관,일반,16,
코스타리카,달라스무역관,일반,1,
코스타리카,로스앤젤레스무역관,일반,5,
코스타리카,밀라노무역관,일반,5,
코스타리카,보고타무역관,일반,3,
코스타리카,산토도밍고무역관,일반,2,
코스타리카,상파울루무역관,일반,2,
코스타리카,상하이무역관,일반,2,
코스타리카,시카고무역관,일반,3,
코스타리카,싱가포르무역관,일반,1,
코스타리카,암스테르담무역관,일반,1,
코스타리카,파나마무역관,유력,2,
코스타리카,파나마무역관,일반,588,
코스타리카,파리무역관,일반,1,
코스타리카,홍콩무역관,일반,1,
코트디부아르,두바이무역관,일반,7,
코트디부아르,런던무역관,일반,1,
코트디부아르,리야드무역관,일반,1,
코트디부아르,밀라노무역관,일반,1,
코트디부아르,보고타무역관,일반,1,
코트디부아르,아비장무역관,유력,8,
코트디부아르,아비장무역관,일반,970,
코트디부아르,아크라무역관,일반,1,
코트디부아르,요하네스버그무역관,일반,2,
코트디부아르,파리무역관,일반,2,
콜롬비아,광저우무역관,일반,4,CO
콜롬비아,뉴욕무역관,일반,63,CO
콜롬비아,두바이무역관,일반,3,CO
콜롬비아,런던무역관,일반,2,CO
콜롬비아,로스앤젤레스무역관,일반,11,CO
콜롬비아,멕시코시티무역관,일반,3,CO
콜롬비아,뭄바이무역관,일반,1,CO
콜롬비아,밀라노무역관,일반,14,CO
콜롬비아,보고타무역관,글로벌,8,CO
콜롬비아,보고타무역관,유력,32,CO
콜롬비아,보고타무역관,일반,3620,CO
콜롬비아,상파울루무역관,일반,2,CO
콜롬비아,시카고무역관,일반,16,CO
콜롬비아,싱가포르무역관,일반,3,CO
콜롬비아,취리히무역관,일반,1,CO
콜롬비아,카라카스무역관,일반,1,CO
콜롬비아,코펜하겐무역관,일반,1,CO
콜롬비아,콜롬보무역관,일반,1,CO
콜롬비아,파나마무역관,일반,9,CO
콜롬비아,파리무역관,일반,7,CO
콜롬비아,함부르크무역관,일반,4,CO
콜롬비아,홍콩무역관,일반,4,CO
콩고,두바이무역관,일반,2,
콩고,보고타무역관,일반,1,
콩고,아비장무역관,일반,10,
콩고,요하네스버그무역관,일반,2,
콩고,킨샤사무역관,일반,10,
콩고,파나마무역관,일반,1,
콩고,홍콩무역관,일반,1,
콩고민주공화국,마푸투무역관,일반,1,
콩고민주공화국,아비장무역관,일반,26,
콩고민주공화국,요하네스버그무역관,일반,1,
콩고민주공화국,이스탄불무역관,일반,1,
콩고민주공화국,킨샤사무역관,일반,56,
쿠바,두바이무역관,일반,1,
쿠바,밀라노무역관,일반,1,
쿠바,아바나무역관,일반,113,
쿠바,쿠웨이트무역관,일반,2,
쿠웨이트,광저우무역관,일반,1,KW
쿠웨이트,뉴욕무역관,일반,2,KW
쿠웨이트,도쿄무역관,일반,1,KW
쿠웨이트,두바이무역관,일반,125,KW
쿠웨이트,런던무역관,일반,1,KW
쿠웨이트,마드리드무역관,일반,2,KW
쿠웨이트,모스크바무역관,일반,2,KW
쿠웨이트,밀라노무역관,일반,19,KW
쿠웨이트,밴쿠버무역관,일반,2,KW
쿠웨이트,상하이무역관,일반,2,KW
쿠웨이트,싱가포르무역관,일반,3,KW
쿠웨이트,암만무역관,일반,1,KW
쿠웨이트,쿠웨이트무역관,글로벌,19,KW
쿠웨이트,쿠웨이트무역관,유력,36,KW
쿠웨이트,쿠웨이트무역관,일반,2170,KW
쿠웨이트,타이베이무역관,일반,1,KW
쿠웨이트,파리무역관,일반,2,KW
쿠웨이트,프랑크푸르트무역관,일반,1,KW
쿠웨이트,홍콩무역관,일반,4,KW
쿡제도,모스크바무역관,일반,3,
크로아티아,런던무역관,일반,3,
크로아티아,마드리드무역관,일반,2,
크로아티아,뮌헨무역관,일반,1,
크로아티아,밀라노무역관,일반,15,
크로아티아,암스테르담무역관,일반,3,
크로아티아,자그레브무역관,글로벌,8,
크로아티아,자그레브무역관,유력,33,
크로아티아,자그레브무역관,일반,1164,
크로아티아,타이베이무역관,일반,1,
크로아티아,파리무역관,일반,1,
크로아티아,함부르크무역관,일반,3,
크로아티아,홍콩무역관,일반,2,
키르기즈스탄,두바이무역관,일반,12,
키르기즈스탄,런던무역관,일반,4,
키르기즈스탄,모스크바무역관,일반,2,
키르기즈스탄,밀라노무역관,일반,1,
키르기즈스탄,베이징무역관,일반,1,
키르기즈스탄,상하이무역관,일반,1,
키르기즈스탄,싱가포르무역관,일반,1,
키르기즈스탄,알마티무역관,글로벌,2,
키르기즈스탄,알마티무역관,일반,132,
키르기즈스탄,타슈켄트무역관,일반,1,
키르기즈스탄,프랑크푸르트무역관,일반,1,
키리바시,멜버른무역관,일반,1,
키리바시,알마티무역관,일반,1,
키프로스,뉴욕무역관,일반,1,
키프로스,두바이무역관,일반,9,
키프로스,밀라노무역관,일반,13,
키프로스,소피아무역관,일반,3,
키프로스,싱가포르무역관,일반,3,
키프로스,아테네무역관,일반,83,
키프로스,암스테르담무역관,일반,1,
키프로스,이스탄불무역관,일반,3,
키프로스,파리무역관,일반,4,
키프로스,프랑크푸르트무역관,일반,1,
키프로스,함부르크무역관,글로벌,1,
키프로스,함부르크무역관,일반,2,
키프로스,홍콩무역관,일반,1,
타이완,광저우무역관,일반,2,
타이완,뉴욕무역관,일반,2,
타이완,다레살람무역관,일반,1,
타이완,도쿄무역관,일반,5,
타이완,두바이무역관,일반,2,
타이완,로스앤젤레스무역관,글로벌,1,
타이완,로스앤젤레스무역관,일반,7,
타이완,마드리드무역관,일반,3,
타이완,모스크바무역관,일반,2,
타이완,밀라노무역관,일반,9,
타이완,베이징무역관,일반,1,
타이완,상하이무역관,일반,22,
타이완,선전무역관,일반,1,
타이완,시카고무역관,일반,4,
타이완,실리콘밸리무역관,일반,8,
타이완,싱가포르무역관,일반,34,
타이완,암스테르담무역관,일반,1,
타이완,우한무역관,일반,2,
타이완,워싱톤무역관,일반,1,
타이완,정저우무역관,일반,1,
타이완,충칭무역관,일반,1,
타이완,취리히무역관,일반,3,
타이완,타슈켄트무역관,일반,1,
타이완,타이베이무역관,글로벌,40,
타이완,타이베이무역관,유력,23,
타이완,타이베이무역관,일반,3575,
타이완,테헤란무역관,일반,2,
타이완,파리무역관,일반,3,
타이완,프랑크푸르트무역관,일반,1,
타이완,함부르크무역관,일반,5,
타이완,홍콩무역관,일반,40,
타지크스탄,광저우무역관,일반,1,
타지크스탄,두바이무역관,일반,3,
타지크스탄,런던무역관,일반,2,
타지크스탄,모스크바무역관,일반,1,
타지크스탄,시카고무역관,일반,1,
타지크스탄,알마티무역관,일반,9,
타지크스탄,타슈켄트무역관,일반,5,
탄자니아,나이로비무역관,일반,1,TZ
탄자니아,다레살람무역관,글로벌,3,TZ
탄자니아,다레살람무역관,유력,3,TZ
탄자니아,다레살람무역관,일반,1338,TZ
탄자니아,달라스무역관,일반,1,TZ
탄자니아,두바이무역관,일반,4,TZ
탄자니아,밀라노무역관,일반,1,TZ
탄자니아,방콕무역관,일반,4,TZ
탄자니아,요하네스버그무역관,일반,5,TZ
탄자니아,프랑크푸르트무역관,일반,1,TZ
태국,광저우무역관,일반,13,TH
태국,뉴욕무역관,일반,1,TH
태국,달라스무역관,일반,1,TH
태국,두바이무역관,일반,4,TH
태국,런던무역관,일반,2,TH
태국,로스앤젤레스무역관,일반,2,TH
태국,마드리드무역관,일반,2,TH
태국,뮌헨무역관,일반,1,TH
태국,밀라노무역관,일반,13,TH
태국,바쿠무역관,일반,1,TH
태국,방콕무역관,글로벌,57,TH
태국,방콕무역관,유력,57,TH
태국,방콕무역관,일반,8692,TH
태국,밴쿠버무역관,일반,2,TH
태국,상하이무역관,일반,21,TH
태국,선전무역관,일반,1,TH
태국,실리콘밸리무역관,일반,3,TH
태국,싱가포르무역관,유력,1,TH
태국,싱가포르무역관,일반,81,TH
태국,양곤무역관,일반,1,TH
태국,오사카무역관,일반,2,TH
태국,취리히무역관,일반,1,TH
태국,쿠알라룸푸르무역관,일반,2,TH
태국,타이베이무역관,일반,8,TH
태국,파리무역관,일반,3,TH
태국,프랑크푸르트무역관,일반,1,TH
태국,하노이무역관,일반,1,TH
태국,함부르크무역관,일반,2,TH
태국,홍콩무역관,일반,28,TH
터크스케이커스제도,방콕무역관,일반,1,
터크스케이커스제도,이스탄불무역관,일반,9,
토고,두바이무역관,일반,2,
토고,밀라노무역관,일반,1,
토고,아크라무역관,일반,16,
토고,파리무역관,일반,1,
토클로 제도,이스탄불무역관,일반,1,
통가,이스탄불무역관,일반,1,
투르크메니스탄,두바이무역관,일반,2,
투르크메니스탄,런던무역관,일반,2,
투르크메니스탄,밀라노무역관,일반,1,
투르크메니스탄,바쿠무역관,일반,1,
투르크메니스탄,상하이무역관,일반,1,
투르크메니스탄,싱가포르무역관,일반,5,
투르크메니스탄,이스탄불무역관,일반,2,
투르크메니스탄,타슈켄트무역관,일반,7,
투발루,싱가포르무역관,일반,1,
튀니지,두바이무역관,일반,35,
튀니지,런던무역관,일반,1,
튀니지,마드리드무역관,일반,4,
튀니지,밀라노무역관,일반,11,
튀니지,바쿠무역관,일반,1,
튀니지,상하이무역관,일반,1,
튀니지,아비장무역관,일반,1,
튀니지,알제무역관,유력,1,
튀니지,알제무역관,일반,297,
튀니지,이스탄불무역관,일반,3,
튀니지,카사블랑카무역관,일반,3,
튀니지,파리무역관,일반,13,
튀니지,프랑크푸르트무역관,일반,4,
튀니지,함부르크무역관,일반,2,
튀니지,홍콩무역관,일반,6,
튀르키예,광저우무역관,일반,2,
튀르키예,뉴욕무역관,일반,7,
튀르키예,도쿄무역관,일반,1,
튀르키예,두바이무역관,일반,94,
튀르키예,런던무역관,일반,12,
튀르키예,로스앤젤레스무역관,일반,11,
튀르키예,마드리드무역관,일반,4,
튀르키예,모스크바무역관,일반,8,
튀르키예,뮌헨무역관,일반,2,
튀르키예,밀라노무역관,일반,127,
튀르키예,방콕무역관,일반,1,
튀르키예,베이징무역관,일반,1,
튀르키예,상트페테르부르크무역관,일반,4,
튀르키예,상하이무역관,일반,15,
튀르키예,시카고무역관,일반,7,
튀르키예,실리콘밸리무역관,일반,5,
튀르키예,싱가포르무역관,일반,19,
튀르키예,아테네무역관,일반,3,
튀르키예,암스테르담무역관,일반,4,
튀르키예,워싱톤무역관,일반,2,
튀르키예,이스탄불무역관,글로벌,29,
튀르키예,이스탄불무역관,유력,16,
튀르키예,이스탄불무역관,일반,6328,
튀르키예,취리히무역관,일반,11,
튀르키예,쿠웨이트무역관,일반,1,
튀르키예,파나마무역관,일반,1,
튀르키예,파리무역관,일반,56,
튀르키예,프랑크푸르트무역관,일반,7,
튀르키예,함부르크무역관,일반,59,
튀르키예,홍콩무역관,일반,18,
트리니다드토바고,과테말라무역관,일반,1,
트리니다드토바고,뉴욕무역관,일반,2,
트리니다드토바고,로스앤젤레스무역관,일반,4,
트리니다드토바고,보고타무역관,일반,1,
트리니다드토바고,카라카스무역관,일반,28,
트리니다드토바고,파나마무역관,일반,67,
파나마,뉴욕무역관,일반,12,
파나마,런던무역관,일반,1,
파나마,로스앤젤레스무역관,일반,12,
파나마,마드리드무역관,일반,1,
파나마,멕시코시티무역관,일반,2,
파나마,밀라노무역관,일반,3,
파나마,상파울루무역관,일반,1,
파나마,싱가포르무역관,일반,5,
파나마,아바나무역관,일반,3,
파나마,카라치무역관,일반,1,
파나마,파나마무역관,글로벌,4,
파나마,파나마무역관,유력,18,
파나마,파나마무역관,일반,1094,
파나마,파리무역관,일반,5,
파나마,함부르크무역관,일반,1,
파나마,홍콩무역관,일반,1,
파라과이,밀라노무역관,일반,3,
파라과이,상파울루무역관,일반,1,
파라과이,시카고무역관,일반,1,
파라과이,아순시온무역관,글로벌,5,
파라과이,아순시온무역관,유력,3,
파라과이,아순시온무역관,일반,589,
파라과이,파나마무역관,일반,2,
파키스탄,광저우무역관,일반,11,PK
파키스탄,뉴델리무역관,일반,1,PK
파키스탄,뉴욕무역관,일반,7,PK
파키스탄,두바이무역관,일반,129,PK
파키스탄,런던무역관,일반,3,PK
파키스탄,로스앤젤레스무역관,일반,1,PK
파키스탄,리야드무역관,일반,2,PK
파키스탄,밀라노무역관,일반,4,PK
파키스탄,밴쿠버무역관,일반,2,PK
파키스탄,베이징무역관,일반,1,PK
파키스탄,상하이무역관,일반,8,PK
파키스탄,시카고무역관,일반,1,PK
파키스탄,싱가포르무역관,일반,18,PK
파키스탄,오사카무역관,일반,1,PK
파키스탄,이스탄불무역관,일반,5,PK
파키스탄,취리히무역관,일반,2,PK
파키스탄,카라치무역관,글로벌,16,PK
파키스탄,카라치무역관,유력,32,PK
파키스탄,카라치무역관,일반,4999,PK
파키스탄,콜롬보무역관,일반,1,PK
파키스탄,쿠알라룸푸르무역관,일반,5,PK
파키스탄,파리무역관,일반,3,PK
파키스탄,프랑크푸르트무역관,일반,4,PK
파키스탄,함부르크무역관,일반,4,PK
파키스탄,홍콩무역관,일반,2,PK
파푸아뉴기니,광저우무역관,일반,1,
파푸아뉴기니,멜버른무역관,일반,1,
파푸아뉴기니,시드니무역관,일반,3,
파푸아뉴기니,싱가포르무역관,일반,3,
파푸아뉴기니,토론토무역관,일반,1,
팔레스타인,두바이무역관,일반,34,
팔레스타인,리야드무역관,일반,1,
팔레스타인,밀라노무역관,일반,2,
팔레스타인,실리콘밸리무역관,일반,1,
팔레스타인,암만무역관,일반,3,
팔레스타인,이스탄불무역관,일반,1,
팔레스타인,텔아비브무역관,일반,8,
팔레스타인,파리무역관,일반,2,
페로 제도,런던무역관,일반,1,
페로 제도,코펜하겐무역관,일반,1,
페루,광저우무역관,일반,2,PE
페루,뉴욕무역관,일반,25,PE
페루,로스앤젤레스무역관,일반,7,PE
페루,리마무역관,글로벌,12,PE
페루,리마무역관,유력,73,PE
페루,리마무역관,일반,3165,PE
페루,마드리드무역관,일반,2,PE
페루,마이애미무역관,일반,1,PE
페루,멕시코시티무역관,일반,4,PE
페루,밀라노무역관,일반,19,PE
페루,브뤼셀무역관,일반,1,PE
페루,상파울루무역관,일반,10,PE
페루,상하이무역관,일반,2,PE
페루,시카고무역관,일반,2,PE
페루,워싱톤무역관,일반,1,PE
페루,파나마무역관,일반,8,PE
페루,파리무역관,일반,1,PE
페루,함부르크무역관,일반,2,PE
페루,홍콩무역관,일반,1,PE
포르투갈,나이로비무역관,일반,1,
포르투갈,뉴욕무역관,일반,1,
포르투갈,두바이무역관,일반,4,
포르투갈,런던무역관,일반,4,
포르투갈,로스앤젤레스무역관,일반,1,
포르투갈,리마무역관,일반,1,
포르투갈,마드리드무역관,글로벌,1,
포르투갈,마드리드무역관,일반,443,
포르투갈,마푸투무역관,일반,2,
포르투갈,뮌헨무역관,일반,2,
포르투갈,밀라노무역관,일반,53,
포르투갈,상하이무역관,일반,1,
포르투갈,실리콘밸리무역관,일반,1,
포르투갈,암스테르담무역관,일반,4,
포르투갈,취리히무역관,일반,1,
포르투갈,파리무역관,일반,17,
포르투갈,프라하무역관,일반,1,
포르투갈,프랑크푸르트무역관,일반,6,
포르투갈,함부르크무역관,일반,17,
포르투갈,홍콩무역관,일반,4,
포클랜드 제도,밀라노무역관,일반,2,
포클랜드 제도,상하이무역관,일반,1,
포클랜드 제도,시카고무역관,일반,1,
포클랜드 제도,싱가포르무역관,일반,1,
폴란드,광저우무역관,일반,1,PL
폴란드,뉴델리무역관,일반,1,PL
폴란드,뉴욕무역관,일반,4,PL
폴란드,도쿄무역관,일반,1,PL
폴란드,두바이무역관,일반,25,PL
폴란드,런던무역관,일반,15,PL
폴란드,로스앤젤레스무역관,일반,1,PL
폴란드,리야드무역관,일반,1,PL
폴란드,마닐라무역관,일반,1,PL
폴란드,마드리드무역관,일반,1,PL
폴란드,모스크바무역관,일반,4,PL
폴란드,뮌헨무역관,일반,5,PL
폴란드,밀라노무역관,일반,161,PL
폴란드,바르샤바무역관,글로벌,11,PL
폴란드,바르샤바무역관,유력,10,PL
폴란드,바르샤바무역관,일반,3870,PL
폴란드,베이징무역관,일반,4,PL
폴란드,상하이무역관,일반,5,PL
폴란드,스톡홀름무역관,일반,1,PL
폴란드,시카고무역관,일반,2,PL
폴란드,실리콘밸리무역관,일반,4,PL
폴란드,싱가포르무역관,일반,12,PL
폴란드,암스테르담무역관,일반,1,PL
폴란드,워싱톤무역관,일반,2,PL
폴란드,취리히무역관,일반,7,PL
폴란드,쿠알라룸푸르무역관,일반,1,PL
폴란드,키예프무역관,일반,1,PL
폴란드,타이베이무역관,일반,1,PL
폴란드,파리무역관,일반,18,PL
폴란드,프라하무역관,일반,1,PL
폴란드,프랑크푸르트무역관,글로벌,1,PL
폴란드,프랑크푸르트무역관,일반,8,PL
폴란드,함부르크무역관,글로벌,1,PL
폴란드,함부르크무역관,일반,36,PL
폴란드,헬싱키무역관,일반,3,PL
폴란드,홍콩무역관,일반,29,PL
폴리네시아(프),로스앤젤레스무역관,일반,1,
폴리네시아(프),바르샤바무역관,일반,1,
폴리네시아(프),오클랜드무역관,일반,1,
폴리네시아(프),파리무역관,일반,1,
푸에르토리코,뉴욕무역관,일반,9,
푸에르토리코,달라스무역관,일반,1,
푸에르토리코,로스앤젤레스무역관,일반,7,
푸에르토리코,마이애미무역관,일반,2,
푸에르토리코,멕시코시티무역관,일반,4,
푸에르토리코,밀라노무역관,일반,1,
푸에르토리코,산토도밍고무역관,일반,7,
푸에르토리코,상하이무역관,일반,1,
푸에르토리코,시카고무역관,일반,2,
푸에르토리코,싱가포르무역관,일반,1,
푸에르토리코,아바나무역관,일반,1,
푸에르토리코,파나마무역관,일반,1,
푸에르토리코,파리무역관,일반,2,
프랑스,광저우무역관,일반,1,FR
프랑스,나고야무역관,일반,1,FR
프랑스,뉴욕무역관,일반,28,FR
프랑스,다롄무역관,글로벌,1,FR
프랑스,도쿄무역관,일반,1,FR
프랑스,두바이무역관,일반,24,FR
프랑스,런던무역관,일반,9,FR
프랑스,로스앤젤레스무역관,유력,1,FR
프랑스,로스앤젤레스무역관,일반,14,FR
프랑스,마드리드무역관,일반,11,FR
프랑스,뮌헨무역관,일반,10,FR
프랑스,밀라노무역관,일반,156,FR
프랑스,베이징무역관,일반,1,FR
프랑스,브뤼셀무역관,일반,2,FR
프랑스,상하이무역관,일반,8,FR
프랑스,선전무역관,일반,1,FR
프랑스,시카고무역관,일반,12,FR
프랑스,실리콘밸리무역관,일반,11,FR
프랑스,싱가포르무역관,일반,26,FR
프랑스,암스테르담무역관,일반,7,FR
프랑스,워싱톤무역관,일반,1,FR
프랑스,정저우무역관,일반,1,FR
프랑스,취리히무역관,일반,15,FR
프랑스,타이베이무역관,일반,1,FR
프랑스,토론토무역관,일반,1,FR
프랑스,파리무역관,글로벌,79,FR
프랑스,파리무역관,유력,58,FR
프랑스,파리무역관,일반,4545,FR
프랑스,프라하무역관,일반,2,FR
프랑스,프랑크푸르트무역관,글로벌,2,FR
프랑스,프랑크푸르트무역관,일반,16,FR
프랑스,함부르크무역관,일반,40,FR
프랑스,홍콩무역관,일반,28,FR
프랑스령 기아나,밀라노무역관,일반,2,
프랑스령 기아나,파나마무역관,일반,3,
프랑스령 기아나,파리무역관,일반,2,
프랑스령남부,상하이무역관,일반,1,
프랑스령남부,파리무역관,일반,5,
피지,두바이무역관,일반,1,
피지,시드니무역관,일반,2,
피지,오클랜드무역관,일반,17,
핀란드,광저우무역관,일반,1,
핀란드,뉴욕무역관,일반,3,
핀란드,도쿄무역관,일반,2,
핀란드,두바이무역관,일반,2,
핀란드,런던무역관,일반,5,
핀란드,마닐라무역관,일반,4,
핀란드,마드리드무역관,일반,1,
핀란드,뮌헨무역관,일반,2,
핀란드,밀라노무역관,일반,14,
핀란드,상하이무역관,일반,1,
핀란드,스톡홀름무역관,일반,2,
핀란드,실리콘밸리무역관,글로벌,1,
핀란드,실리콘밸리무역관,일반,2,
핀란드,싱가포르무역관,일반,2,
핀란드,암스테르담무역관,일반,1,
핀란드,워싱톤무역관,일반,1,
핀란드,파리무역관,일반,7,
핀란드,프랑크푸르트무역관,일반,2,
핀란드,함부르크무역관,일반,10,
핀란드,헬싱키무역관,글로벌,29,
핀란드,헬싱키무역관,유력,47,
핀란드,헬싱키무역관,일반,724,
핀란드,홍콩무역관,일반,4,
필리핀,과테말라무역관,일반,3,PH
필리핀,광저우무역관,일반,2,PH
필리핀,뉴욕무역관,일반,3,PH
필리핀,다롄무역관,일반,1,PH
필리핀,도쿄무역관,일반,1,PH
필리핀,두바이무역관,일반,7,PH
필리핀,로스앤젤레스무역관,일반,3,PH
필리핀,리마무역관,일반,1,PH
필리핀,마닐라무역관,글로벌,24,PH
필리핀,마닐라무역관,유력,42,PH
필리핀,마닐라무역관,일반,4806,PH
필리핀,마드리드무역관,일반,5,PH
필리핀,밀라노무역관,일반,7,PH
필리핀,방콕무역관,일반,1,PH
필리핀,상하이무역관,일반,22,PH
필리핀,시카고무역관,일반,1,PH
필리핀,실리콘밸리무역관,일반,1,PH
필리핀,싱가포르무역관,일반,127,PH
필리핀,오사카무역관,일반,1,PH
필리핀,쿠알라룸푸르무역관,일반,7,PH
필리핀,타이베이무역관,일반,2,PH
필리핀,파리무역관,일반,2,PH
필리핀,하노이무역관,일반,1,PH
필리핀,헬싱키무역관,일반,1,PH
필리핀,홍콩무역관,일반,20,PH
핏케언섬,마닐라무역관,일반,7,
핏케언섬,바르샤바무역관,일반,1,
핏케언섬,상하이무역관,일반,6,
한국,과테말라무역관,일반,6,
한국,광저우무역관,일반,11,
한국,나고야무역관,일반,2,
한국,나이로비무역관,일반,69,
한국,난징무역관,일반,2,
한국,뉴델리무역관,일반,1,
한국,뉴욕무역관,일반,38,
한국,다카무역관,일반,1,
한국,달라스무역관,글로벌,3,
한국,달라스무역관,일반,6,
한국,도쿄무역관,일반,24,
한국,두바이무역관,일반,22,
한국,런던무역관,일반,2,
한국,로스앤젤레스무역관,일반,3,
한국,리마무역관,일반,1,
한국,마닐라무역관,일반,2,
한국,마드리드무역관,일반,30,
한국,모스크바무역관,일반,7,
한국,뮌헨무역관,일반,1,
한국,밀라노무역관,일반,40,
한국,방콕무역관,일반,1,
한국,밴쿠버무역관,일반,2,
한국,베이징무역관,유력,1,
한국,베이징무역관,일반,25,
한국,브뤼셀무역관,일반,1,
한국,상트페테르부르크무역관,일반,1,
한국,상파울루무역관,일반,2,
한국,상하이무역관,글로벌,1,
한국,상하이무역관,일반,855,
한국,선전무역관,일반,24,
한국,수라바야무역관,일반,1,
한국,스톡홀름무역관,일반,1,
한국,시카고무역관,일반,12,
한국,실리콘밸리무역관,글로벌,1,
한국,실리콘밸리무역관,일반,101,
한국,싱가포르무역관,일반,28,
한국,아테네무역관,일반,2,
한국,암스테르담무역관,일반,3,
한국,양곤무역관,일반,5,
한국,오사카무역관,일반,5,
한국,우한무역관,일반,4,
한국,울란바토르무역관,일반,1,
한국,워싱톤무역관,일반,3,
한국,이스탄불무역관,일반,1,
한국,자카르타무역관,일반,7,
한국,첸나이무역관,일반,2,
한국,취리히무역관,일반,2,
한국,카라카스무역관,일반,1,
한국,카이로무역관,일반,1,
한국,쿠알라룸푸르무역관,일반,2,
한국,키예프무역관,일반,1,
한국,타이베이무역관,일반,18,
한국,톈진무역관,일반,5,
한국,토론토무역관,일반,1,
한국,트리폴리무역관,일반,1,
한국,파리무역관,일반,13,
한국,프라하무역관,일반,1,
한국,프랑크푸르트무역관,글로벌,1,
한국,프랑크푸르트무역관,일반,17,
한국,하노이무역관,일반,9,
한국,함부르크무역관,일반,29,
한국,항저우무역관,일반,1,
한국,헬싱키무역관,일반,6,
한국,호치민무역관,글로벌,3,
한국,호치민무역관,일반,8,
한국,홍콩무역관,일반,104,
한국,후쿠오카무역관,일반,1,
허드맥도날드제도,부다페스트무역관,일반,2,
허드맥도날드제도,상하이무역관,일반,1,
헝가리,뉴욕무역관,일반,1,
헝가리,두바이무역관,일반,3,
헝가리,런던무역관,일반,5,
헝가리,마드리드무역관,일반,1,
헝가리,멜버른무역관,일반,1,
헝가리,뮌헨무역관,일반,1,
헝가리,밀라노무역관,일반,37,
헝가리,밴쿠버무역관,일반,1,
헝가리,부다페스트무역관,글로벌,10,
헝가리,부다페스트무역관,유력,20,
헝가리,부다페스트무역관,일반,1676,
헝가리,실리콘밸리무역관,일반,1,
헝가리,암스테르담무역관,일반,1,
헝가리,취리히무역관,일반,2,
헝가리,코펜하겐무역관,일반,1,
헝가리,파리무역관,일반,4,
헝가리,프랑크푸르트무역관,일반,3,
헝가리,함부르크무역관,일반,12,
헝가리,홍콩무역관,일반,3,
호주,광저우무역관,일반,8,AU
호주,뉴욕무역관,일반,15,AU
호주,다롄무역관,글로벌,1,AU
호주,두바이무역관,일반,11,AU
호주,런던무역관,일반,1,AU
호주,로스앤젤레스무역관,일반,13,AU
호주,마드리드무역관,일반,5,AU
호주,멜버른무역관,글로벌,16,AU
호주,멜버른무역관,유력,21,AU
호주,멜버른무역관,일반,1884,AU
호주,뭄바이무역관,일반,1,AU
호주,밀라노무역관,일반,49,AU
호주,베이징무역관,일반,1,AU
호주,부다페스트무역관,일반,1,AU
호주,상하이무역관,일반,12,AU
호주,샤먼무역관,일반,1,AU
호주,시드니무역관,글로벌,18,AU
호주,시드니무역관,유력,69,AU
호주,시드니무역관,일반,2679,AU
호주,시안무역관,일반,1,AU
호주,시카고무역관,일반,6,AU
호주,실리콘밸리무역관,일반,13,AU
호주,싱가포르무역관,일반,68,AU
호주,오클랜드무역관,일반,1,AU
호주,워싱톤무역관,일반,1,AU
호주,취리히무역관,일반,3,AU
호주,쿠알라룸푸르무역관,일반,1,AU
호주,타이베이무역관,일반,2,AU
호주,파나마무역관,일반,1,AU
호주,파리무역관,일반,8,AU
호주,함부르크무역관,일반,4,AU
호주,호치민무역관,일반,1,AU
호주,홍콩무역관,일반,44,AU
홍콩,광저우무역관,일반,9,HK
홍콩,뉴델리무역관,일반,1,HK
홍콩,뉴욕무역관,일반,3,HK
홍콩,달라스무역관,일반,1,HK
홍콩,도쿄무역관,일반,3,HK
홍콩,두바이무역관,일반,3,HK
홍콩,런던무역관,일반,3,HK
홍콩,로스앤젤레스무역관,일반,1,HK
홍콩,밀라노무역관,일반,28,HK
홍콩,베이징무역관,일반,7,HK
홍콩,상하이무역관,일반,44,HK
홍콩,샤먼무역관,일반,1,HK
홍콩,선전무역관,유력,1,HK
홍콩,선전무역관,일반,16,HK
홍콩,시드니무역관,일반,1,HK
홍콩,시안무역관,일반,1,HK
홍콩,시카고무역관,일반,2,HK
홍콩,실리콘밸리무역관,일반,3,HK
홍콩,싱가포르무역관,일반,50,HK
홍콩,암스테르담무역관,일반,1,HK
홍콩,양곤무역관,일반,4,HK
홍콩,오사카무역관,일반,3,HK
홍콩,청두무역관,일반,2,HK
홍콩,충칭무역관,일반,3,HK
홍콩,취리히무역관,일반,1,HK
홍콩,칭다오무역관,일반,1,HK
홍콩,쿠알라룸푸르무역관,일반,1,HK
홍콩,타이베이무역관,일반,10,HK
홍콩,파리무역관,일반,10,HK
홍콩,프랑크푸르트무역관,일반,3,HK
홍콩,함부르크무역관,일반,1,HK
홍콩,항저우무역관,일반,1,HK
홍콩,호치민무역관,일반,1,HK
홍콩,홍콩무역관,글로벌,46,HK
홍콩,홍콩무역관,유력,47,HK
홍콩,홍콩무역관,일반,4223,HK
홍콩,후쿠오카무역관,일반,5,HK
