product_en,product_ko,country,city,data_tier,source_label,hs_prefix,액션
Hair Deo Refresher,,US,애리조나,C등급,KOTRA 인콰이어리,3305,KOTRA 무역관 통해 바이어 직접 연결 요청
Hair Deo Refresher,,US,애리조나,C등급,KOTRA 인콰이어리,3305,KOTRA 무역관 통해 바이어 직접 연결 요청
Pure Iron Alloy Steel Sacrificial Anode System Metal Powder,,US,인디애나,C등급,KOTRA 인콰이어리,3304,KOTRA 무역관 통해 바이어 직접 연결 요청
Arystal UF UV Filtering Extruded Acrylic Sheet,Arystal EX Extruded Acrylic Sheet,US,뉴욕,C등급,KOTRA 인콰이어리,3304,KOTRA 무역관 통해 바이어 직접 연결 요청
Arystal UF UV Filtering Extruded Acrylic Sheet,Arystal EX Extruded Acrylic Sheet,US,뉴욕,C등급,KOTRA 인콰이어리,3304,KOTRA 무역관 통해 바이어 직접 연결 요청
COSRX ACNE PIMPLE PATCH korea cosmetics,,US,북캐롤라이나,C등급,KOTRA 인콰이어리,3304,KOTRA 무역관 통해 바이어 직접 연결 요청
MELA BIANCA Collina Hair Band,,US,일리노이,C등급,KOTRA 인콰이어리,3305,KOTRA 무역관 통해 바이어 직접 연결 요청
Turban Hair Band,,US,일리노이,C등급,KOTRA 인콰이어리,3305,KOTRA 무역관 통해 바이어 직접 연결 요청
Glutanex InShower Body Cream,,US,미주리,C등급,KOTRA 인콰이어리,3304,KOTRA 무역관 통해 바이어 직접 연결 요청
COSRX Low Ph Good Morning Gel Cleanser 150ml,,US,애리조나,C등급,KOTRA 인콰이어리,3304,KOTRA 무역관 통해 바이어 직접 연결 요청
COSRX Pure Fit Cica Serum 55ml,,US,애리조나,C등급,KOTRA 인콰이어리,3304,KOTRA 무역관 통해 바이어 직접 연결 요청
korean cosmetics-Dr Jart Black Label Detox BB Beauty Balm Spf25,,US,애리조나,C등급,KOTRA 인콰이어리,3304,KOTRA 무역관 통해 바이어 직접 연결 요청
PVC leather non-slip,,US,뉴욕,C등급,KOTRA 인콰이어리,3304,KOTRA 무역관 통해 바이어 직접 연결 요청
UV ENDURANCE PVC ARTIFICIAL LEATHER,HUV MOQUETTE,US,뉴욕,C등급,KOTRA 인콰이어리,3304,KOTRA 무역관 통해 바이어 직접 연결 요청
CMMA Solid Surface Non-Slip Flooring Panel,,US,뉴욕,C등급,KOTRA 인콰이어리,3304,KOTRA 무역관 통해 바이어 직접 연결 요청
"Wireless Mini Vacuum Cleaner.  your hair, clean the desk in a sitting position.",,US,뉴욕,C등급,KOTRA 인콰이어리,3305,KOTRA 무역관 통해 바이어 직접 연결 요청
Nonslip Mat Red,,US,뉴욕,C등급,KOTRA 인콰이어리,3304,KOTRA 무역관 통해 바이어 직접 연결 요청
Ultra Simple Anti Slip Spray Mivanx 1L,Ultra-simple anti-slip spray_ MiVANX 1L,US,뉴욕,C등급,KOTRA 인콰이어리,3304,KOTRA 무역관 통해 바이어 직접 연결 요청
EZ Clip Type A,,US,뉴욕,C등급,KOTRA 인콰이어리,3304,KOTRA 무역관 통해 바이어 직접 연결 요청
EZ Clip Type A,,US,뉴욕,C등급,KOTRA 인콰이어리,3304,KOTRA 무역관 통해 바이어 직접 연결 요청
