회사명,도시,HS코드,규모,MOQ협상,월수입추정USD,등급,데이터소스,컨택액션
K-Beauty USA Distribution LLC,Los Angeles,330499,MEDIUM,✅ MOQ협상 가능,175697,A등급,관세청 통관 실적,LinkedIn/공식사이트 → Import 담당자 이메일
PureGlow Wholesale Inc.,New York,330499,MEDIUM,✅ MOQ협상 가능,241381,A등급,관세청 통관 실적,LinkedIn/공식사이트 → Import 담당자 이메일
Midwest Beauty Imports Corp.,Chicago,330499,LARGE,✅ MOQ협상 강함,216447,A등급,관세청 통관 실적,LinkedIn/공식사이트 → Import 담당자 이메일
Asian Beauty Mart Trading Co.,Los Angeles,330499,MEDIUM,✅ MOQ협상 가능,116511,A등급,관세청 통관 실적,LinkedIn/공식사이트 → Import 담당자 이메일
GlowBox Subscription Beauty LLC,Austin,330499,MEDIUM,✅ MOQ협상 가능,71425,A등급,관세청 통관 실적,LinkedIn/공식사이트 → Import 담당자 이메일
Texas Spa Supply Wholesale,Dallas,330499,MEDIUM,✅ MOQ협상 가능,134911,A등급,관세청 통관 실적,LinkedIn/공식사이트 → Import 담당자 이메일
MegaMart Cosmetics USA,Bentonville,330499,SMALL,⚠️ 소량전문,51439,A등급,관세청 통관 실적,LinkedIn/공식사이트 → Import 담당자 이메일
Pacific Rim Beauty Imports,Seattle,330499,MEDIUM,✅ MOQ협상 가능,207349,A등급,관세청 통관 실적,LinkedIn/공식사이트 → Import 담당자 이메일
NaturalGlow Supply Co.,Portland,330499,MEDIUM,✅ MOQ협상 가능,116673,A등급,관세청 통관 실적,LinkedIn/공식사이트 → Import 담당자 이메일
HMart Beauty Wholesale,Los Angeles,330499,MEDIUM,✅ MOQ협상 가능,191223,A등급,관세청 통관 실적,LinkedIn/공식사이트 → Import 담당자 이메일
irv international corporation,manila,330499,LARGE,✅ MOQ협상 강함,269167,B등급,KOTRA SNS 수집,웹사이트 → 담당자 → 샘플 제안
CH Trading Group LLC,GARLAND,330499,LARGE,✅ MOQ협상 강함,243956,B등급,KOTRA SNS 수집,웹사이트 → 담당자 → 샘플 제안
PATI GROUP,Santa Clara,330499,LARGE,✅ MOQ협상 강함,239787,B등급,KOTRA SNS 수집,웹사이트 → 담당자 → 샘플 제안
SVV Group LLC,DALLAS,330499,LARGE,✅ MOQ협상 강함,234437,B등급,KOTRA SNS 수집,웹사이트 → 담당자 → 샘플 제안
global trading corporation,New York,330499,LARGE,✅ MOQ협상 강함,223550,B등급,KOTRA SNS 수집,웹사이트 → 담당자 → 샘플 제안
IBM Global Services,Lawrenceville,330499,LARGE,✅ MOQ협상 강함,209573,B등급,KOTRA SNS 수집,웹사이트 → 담당자 → 샘플 제안
Lord and Goldman International Corp,Quezon City,330499,LARGE,✅ MOQ협상 강함,198063,B등급,KOTRA SNS 수집,웹사이트 → 담당자 → 샘플 제안
International Importers,karachi,330499,LARGE,✅ MOQ협상 강함,181124,B등급,KOTRA SNS 수집,웹사이트 → 담당자 → 샘플 제안
Tsa Group LLC,DOVER,330499,LARGE,✅ MOQ협상 강함,177596,B등급,KOTRA SNS 수집,웹사이트 → 담당자 → 샘플 제안
Zandi International KB,Jonkoping,330499,LARGE,✅ MOQ협상 강함,177313,B등급,KOTRA SNS 수집,웹사이트 → 담당자 → 샘플 제안
Global Imports and Exports,Seattle,330499,LARGE,✅ MOQ협상 강함,176042,B등급,KOTRA SNS 수집,웹사이트 → 담당자 → 샘플 제안
Getinge Group,4305,330499,LARGE,✅ MOQ협상 강함,170348,B등급,KOTRA SNS 수집,웹사이트 → 담당자 → 샘플 제안
The Tripod LLC,Houston,330499,MEDIUM,✅ MOQ협상 가능,168737,B등급,KOTRA SNS 수집,웹사이트 → 담당자 → 샘플 제안
Herbal Supplements World LLC,Chicago,330499,MEDIUM,✅ MOQ협상 가능,164691,B등급,KOTRA SNS 수집,웹사이트 → 담당자 → 샘플 제안
Jciamglobal solution,New York,330499,LARGE,✅ MOQ협상 강함,162500,B등급,KOTRA SNS 수집,웹사이트 → 담당자 → 샘플 제안
Roxbury Global Solutions INC,Plantation,330410,LARGE,✅ MOQ협상 강함,162008,B등급,KOTRA SNS 수집,웹사이트 → 담당자 → 샘플 제안
The Tripod LLC,Houston,330499,MEDIUM,✅ MOQ협상 가능,160440,B등급,KOTRA SNS 수집,웹사이트 → 담당자 → 샘플 제안
"Sun Mul Belle, LLC",Orlando,330499,MEDIUM,✅ MOQ협상 가능,157272,B등급,KOTRA SNS 수집,웹사이트 → 담당자 → 샘플 제안
Sitel Corporation Philippines,marilao bulacan,330499,LARGE,✅ MOQ협상 강함,155930,B등급,KOTRA SNS 수집,웹사이트 → 담당자 → 샘플 제안
Loudcloud LLC,Los Angeles,330499,MEDIUM,✅ MOQ협상 가능,154605,B등급,KOTRA SNS 수집,웹사이트 → 담당자 → 샘플 제안
Liquink llc,Boston,330499,MEDIUM,✅ MOQ협상 가능,151159,B등급,KOTRA SNS 수집,웹사이트 → 담당자 → 샘플 제안
Time Group,dhaka,330499,LARGE,✅ MOQ협상 강함,147675,B등급,KOTRA SNS 수집,웹사이트 → 담당자 → 샘플 제안
Landmark Group KSA,RIYADH,330499,LARGE,✅ MOQ협상 강함,146641,B등급,KOTRA SNS 수집,웹사이트 → 담당자 → 샘플 제안
Nines Group,TORRANCE,330499,LARGE,✅ MOQ협상 강함,145575,B등급,KOTRA SNS 수집,웹사이트 → 담당자 → 샘플 제안
Geneste family corp,Boston,330499,LARGE,✅ MOQ협상 강함,142676,B등급,KOTRA SNS 수집,웹사이트 → 담당자 → 샘플 제안
South Bend Community School Corporation,DALLAS,330499,LARGE,✅ MOQ협상 강함,139365,B등급,KOTRA SNS 수집,웹사이트 → 담당자 → 샘플 제안
Hakeemi Global,Boca Raton Florida,330499,LARGE,✅ MOQ협상 강함,137037,B등급,KOTRA SNS 수집,웹사이트 → 담당자 → 샘플 제안
216 cinci LLC,DALLAS,330499,MEDIUM,✅ MOQ협상 가능,133397,B등급,KOTRA SNS 수집,웹사이트 → 담당자 → 샘플 제안
ceyloncaps international,colmbo,330499,LARGE,✅ MOQ협상 강함,130194,B등급,KOTRA SNS 수집,웹사이트 → 담당자 → 샘플 제안
SeoulWholesales2u,PETALING,330499,MEDIUM,✅ MOQ협상 가능,120401,B등급,KOTRA SNS 수집,웹사이트 → 담당자 → 샘플 제안
