번호,제목,카테고리,국가명,제공기관명,신청시작일,신청종료일,country_iso
1,싱가포르 바이어가 브랜드 화장품 공급업체를 찾고 계십니다.,건강 및 미용 (Health & Beauty),싱가포르,중소벤처기업진흥공단,2024-01-18,2024-01-31,SG
2,싱가포르바이어가 &quot;OEM/ODM 세럼&quot; 제조공급업체를 찾고 계십니다.,건강 및 미용 (Health & Beauty),싱가포르,중소벤처기업진흥공단,2024-01-04,2024-01-18,SG
3,홍콩 바이어가 미국 판매용 다기능 라이스쿠커 및 인덕션쿠커 공급업체를 찾고 있습니다.,전자제품 (Electronics),홍콩,중소벤처기업진흥공단,2024-01-15,2024-01-22,HK
4,"싱가포르 바이어가 페이스 세럼, 페이스 크림 공급 업체를 찾고 있습니다.",건강 및 미용 (Health & Beauty),싱가포르,중소벤처기업진흥공단,2024-01-08,2024-01-15,SG
5,중국 바이어가  스테아르산아연액 및 스테아린산칼슘액(Zinc/Calcium Stearate in liquid) 공급업체를 찾고 있습니다.,"기계, 화학, 고무 및 플라스틱 (Metallurgy, Chemicals, Rubber & Plastics)",중국,중소벤처기업진흥공단,2024-01-08,2024-01-19,CN
6,방글라데시 바이어가 에센셜 오일을 찾고 있습니다,"기계, 화학, 고무 및 플라스틱 (Metallurgy, Chemicals, Rubber & Plastics)",방글라데시,중소벤처기업진흥공단,2024-01-09,2024-02-19,BD
7,네팔 바이어가 페이셜크림(facial cream) 제품을 찾고 있습니다,건강 및 미용 (Health & Beauty),네팔,중소벤처기업진흥공단,2024-01-09,2024-01-10,
8,"영국 바이어가 다운자켓, 아우터웨어를 제조할 수 있는 의류 제조사를 찾고 있습니다.","의류, 직물 및 액세서리 (Apparel, Textiles & Accessories)",영국,중소벤처기업진흥공단,2024-01-09,2024-01-31,GB
9,사우디아라비아 바이어가 filler 제조사를 찾고 있습니다.,건강 및 미용 (Health & Beauty),사우디아라비아,중소벤처기업진흥공단,2024-01-09,2024-01-26,SA
10,베트남바이어가 &quot;멀티탭&quot; 제조공급업체를 찾고 계십니다.,"가정, 조명 및 장치 (Home, Lights & Construction)",베트남,중소벤처기업진흥공단,2024-01-09,2024-01-23,VN
11,중국 바이어가 에틸렌이민액(Ethylenimine in liquid form) 공급업체를 찾고 있습니다.,"기계, 화학, 고무 및 플라스틱 (Metallurgy, Chemicals, Rubber & Plastics)",중국,중소벤처기업진흥공단,2024-01-10,2024-01-23,CN
12,말레이시아 바이어가 여드름성 피부 및 민감성 피부 개선 제품 공급업체를 찾고 있습니다.,건강 및 미용 (Health & Beauty),말레이시아,중소벤처기업진흥공단,2024-01-12,2024-01-18,MY
13,베네수엘라 바이어가 한국스낵제품등을 수출하는 업체를 찾고 있습니다.,농업 및 식품 (Agriculture & Food),베네수엘라,중소벤처기업진흥공단,2024-01-15,2024-01-30,
14,"인도 바이어가 원사, 원단(Yarn, Textile) 등 원재료 공급자를 찾고 있습니다.","의류, 직물 및 액세서리 (Apparel, Textiles & Accessories)",인도,중소벤처기업진흥공단,2024-01-15,2024-01-31,IN
15,"칠레 식품 온라인몰을 운영하는 바이어가 쿠기, 초콜렛, 스낵, 파스타, 소스, 피클(Cookies, Chocolate, Snacks, Pasta and canned korean food) 등 한국 음식을 판매하는 업체를 찾고 있습니다.",농업 및 식품 (Agriculture & Food),칠레,중소벤처기업진흥공단,2024-01-15,2024-01-29,CL
16,"온라인몰을 운영하는 방글라데시 바이어가 리빙, 펫, 건강, 뷰티(Libing, Pet, Health, Beauty)관련된 제품을 찾고 있습니다.",건강 및 미용 (Health & Beauty),방글라데시,중소벤처기업진흥공단,2024-01-15,2024-01-25,BD
17,"미국 바이어가 중저가 스킨케어, 헤어케어 제조 업체를 찾고 있습니다.",건강 및 미용 (Health & Beauty),미국,중소벤처기업진흥공단,2024-01-15,2024-01-17,US
18,"싱가포르 바이어가 비타민 음료, 건강 음료(Vitamin &amp; Healthy Beverage) 공급자를 찾고 있습니다.",농업 및 식품 (Agriculture & Food),싱가포르,중소벤처기업진흥공단,2024-01-15,2024-01-25,SG
19,이란 바이어가 &apos;자가혈소판풍부혈장치료술 키트(PRP(Platelet-Rich Plasma) kit)&apos; 공급업체를 찾고 있습니다.,건강 및 미용 (Health & Beauty),이란,중소벤처기업진흥공단,2024-01-15,2024-02-21,IR
20,미국 바이어가 &apos;에세틱샵용 프로페셔널 스킨케어 라인&apos; 제품을 찾고 있습니다.,건강 및 미용 (Health & Beauty),미국,중소벤처기업진흥공단,2024-01-16,2024-02-14,US
21,영국 바이어가 &apos;아이크림세럼 30ml &apos; 제품을 찾고 있습니다.,건강 및 미용 (Health & Beauty),영국,중소벤처기업진흥공단,2024-01-17,2024-01-24,GB
22,"잠비아 바이어가 썬크림, 스킨케어 제품 등을 찾습니다.",건강 및 미용 (Health & Beauty),잠비아,중소벤처기업진흥공단,2024-01-18,2024-01-23,
23,이집트 바이어가 동결건조주사 (Lyophilized Injection) 제조사를 찾습니다.,건강 및 미용 (Health & Beauty),이집트,중소벤처기업진흥공단,2024-01-18,2024-01-29,EG
24,인도 바이어가 LED 슬링백 (LED Sling Bag) 공급업체를 찾고 있습니다.,"가방, 신발 및 액세서리 (Bags, Shoes & Accessories)",인도,중소벤처기업진흥공단,2024-01-19,2024-02-08,IN
25,"알바니아 바이어가 폴리스틸렌 (Polystyrene), 합성데크 크립을 찾고 있습니다","기계, 산업 부품 및 기구 (Machinery, Industrial Parts & Tools)",알바니아,중소벤처기업진흥공단,2024-01-22,2024-02-16,
26,미국바이어가 피부관리기구/기기 (Skincare tool &amp; Device) 제조공급업체를 찾고 계십니다.,건강 및 미용 (Health & Beauty),미국,중소벤처기업진흥공단,2024-01-19,2024-02-02,US
27,"싱가포르 바이어가 미용에 활용되는 리도카인 (Llidocaine) 국소마취제품(크림,젤,스프레이타입, anesthesia numbing cream/gel/spray)을 찾고 있습니다.",건강 및 미용 (Health & Beauty),싱가포르,중소벤처기업진흥공단,2024-01-19,2024-02-02,SG
28,캐나다 바이어가 스킨케어 클린징 워터(Cleansing) 제품을 찾고 있습니다.,건강 및 미용 (Health & Beauty),캐나다,중소벤처기업진흥공단,2024-01-19,2024-01-26,CA
29,"온라인 상점 운영하는 미국 바이어가 건설 기계, 장비 등을 찾고 있습니다. (중고품도 가능)","기계, 산업 부품 및 기구 (Machinery, Industrial Parts & Tools)",미국,중소벤처기업진흥공단,2024-01-22,2024-02-09,US
30,말레이시아 바이어 전기차 배터리 생산 설비에 적용할 수 있는 시스템 (software) 또는 장비 (equipment) 문의,"기계, 산업 부품 및 기구 (Machinery, Industrial Parts & Tools)",말레이시아,중소벤처기업진흥공단,2024-01-23,2024-02-16,MY
31,베트남 바이어가 산업용 밸브(Valve) 제조업체를 찾고 있습니다.,"기계, 산업 부품 및 기구 (Machinery, Industrial Parts & Tools)",베트남,중소벤처기업진흥공단,2024-01-23,2024-02-16,VN
32,미얀마 바이어가 흉터 연고 (Scar Gel or Cream)를 찾고 있습니다.,건강 및 미용 (Health & Beauty),미얀마,중소벤처기업진흥공단,2024-01-25,2024-01-31,MM
33,"이란 바이어가 병원용 양압기(CPAP, BiPAP),  산소발생기 (Oxygen Concentrator)공급사를 찾고 있습니다.",건강 및 미용 (Health & Beauty),이란,중소벤처기업진흥공단,2024-01-25,2024-02-29,IR
34,이란  바이어가 얼굴과 바디용 필러 및 보톡스 (Filler and Botox) 공급사를 찾고 있습니다.,건강 및 미용 (Health & Beauty),이란,중소벤처기업진흥공단,2024-01-25,2024-02-29,IR
35,"미국 바이어가 페이셜 모이스쳐라이저/세럼(Moisturizer/Serum), 토너 패드(Toner Pads), 멀티밤 스틱(Multi Balm Stick) 제품을 찾고 있습니다.",건강 및 미용 (Health & Beauty),미국,중소벤처기업진흥공단,2024-01-25,2024-02-08,US
36,알바니아 바이어가 라면 수출 업체를 찾습니다,농업 및 식품 (Agriculture & Food),알바니아,중소벤처기업진흥공단,2024-01-20,2024-02-16,
37,미국 바이어가 &apos;글라스네일 샤이너 (glass nail polisher)&apos;제품을 찾고 있습니다.,건강 및 미용 (Health & Beauty),미국,중소벤처기업진흥공단,2024-01-26,2024-02-02,US
38,미국 바이어기 분자 하이드로겐 스킨케어제품 (Molecular Hydrogen Skincare Product) 제조공급사를 찾고 계십니다.,건강 및 미용 (Health & Beauty),미국,중소벤처기업진흥공단,2024-01-26,2024-02-09,US
39,"미국바이어가 마이크로니들패치, 페이셜마스크팩 (Microneedling &amp; Facial Sheet Mask) 제조공급업체를 찾고 계십니다.",건강 및 미용 (Health & Beauty),미국,중소벤처기업진흥공단,2024-01-31,2024-02-14,US
40,아랍에미리트 바이어가 치과용 임플란트 (Implant) 제조 공급업체를 찾고 계십니다.,건강 및 미용 (Health & Beauty),아랍에미리트,중소벤처기업진흥공단,2024-02-02,2024-02-26,AE
41,"싱가포르 바이어가 유자 주스, 껍질(Yuzu juice, peels) 공급 업체를 찾고 있습니다.",농업 및 식품 (Agriculture & Food),싱가포르,중소벤처기업진흥공단,2024-01-29,2024-02-08,SG
42,"미얀마 바이어가 현지 병원에 납품가능한 혁신 체외진단 의료기기 제품(IVD, In vitro Diagnostic)을 찾고 있습니다.",건강 및 미용 (Health & Beauty),미얀마,중소벤처기업진흥공단,2024-01-29,2024-02-09,MM
43,인도의 용접기기 제조업체가 저항용접 디지털 컨트롤러(Digital Weld Controller) 납품업체를 찾고 있습니다.,"기계, 산업 부품 및 기구 (Machinery, Industrial Parts & Tools)",인도,중소벤처기업진흥공단,2024-01-29,2024-02-09,IN
44,베트남 바이어가 오가닉 건강기능식품(Organic Healthy Supplement) 제조사를 찾고 있습니다.,농업 및 식품 (Agriculture & Food),베트남,중소벤처기업진흥공단,2024-02-02,2024-02-16,VN
45,"미국 바이어가 커브드 게임모니터, 헤어드라이기, 무선청소기  등의 가전기기 제품을 찾고 있습니다.",전자제품 (Electronics),미국,중소벤처기업진흥공단,2024-02-05,2024-02-12,US
46,체코 바이어가 즉석 라면 조리기기(Instant noodle cooker) 제조업체를 찾고 있습니다.,전자제품 (Electronics),체코공화국,중소벤처기업진흥공단,2024-02-06,2024-02-16,
47,베트남 바이어가 김 (조미안된 김가루) 공급업체를 찾고 있습니다.,농업 및 식품 (Agriculture & Food),베트남,중소벤처기업진흥공단,2024-02-06,2024-02-23,VN
48,브라질 바이어가 색조 메이크업 제품을 찾고 있습니다.,건강 및 미용 (Health & Beauty),브라질,중소벤처기업진흥공단,2024-02-07,2024-02-14,BR
49,미국 바이어가 김(Seaweed) 공급업체를 찾고 있습니다.,농업 및 식품 (Agriculture & Food),미국,중소벤처기업진흥공단,2024-02-07,2024-02-28,US
50,독일 바이어가 가루형 세탁세제 (Washing Powder)를 찾고 있습니다.,"가정, 조명 및 장치 (Home, Lights & Construction)",독일,중소벤처기업진흥공단,2024-02-07,2024-03-08,DE
51,미국 바이어가 100프로 COTTON의 수건을 제조하는 업체 찾고 있습니다.,"가정, 조명 및 장치 (Home, Lights & Construction)",미국,중소벤처기업진흥공단,2024-02-08,2024-02-19,US
52,"미국바이어가 마이크로니들링 앰플 (브라이트닝, 엑소좀, 발모,  EFG 펩타이드 링클케어, 스템 셀, 여드름 감소, 비타민 C, 히알루론 액시드용) 제조공급업체를 찾고 계십니다.",건강 및 미용 (Health & Beauty),미국,중소벤처기업진흥공단,2024-02-15,2024-02-26,US
53,독일 바이어가 &apos;CPNP 인증 획득한 가정용 매니큐어(Nail polish with CPNP for home usage only)&apos; 제품 찾고 있습니다.,건강 및 미용 (Health & Beauty),독일,중소벤처기업진흥공단,2024-02-19,2024-04-12,DE
54,미얀마 바이어가 치과용 주사침 (Dental Needle) 공급사를 찾고 있습니다.,건강 및 미용 (Health & Beauty),미얀마,중소벤처기업진흥공단,2024-02-20,2024-02-27,MM
55,몽골 바이어가 외과용 일회용  PPH Stapler의 공급사를 찾고 있습니다.,건강 및 미용 (Health & Beauty),몽골,중소벤처기업진흥공단,2024-02-20,2024-03-29,MN
56,몽골 바이어가  병원 납품용 스킨 부스터 (Skin booster)공급사를 찾고 있습니다.,건강 및 미용 (Health & Beauty),몽골,중소벤처기업진흥공단,2024-02-20,2024-02-22,MN
57,독일 바이어가 &apos;CPNP 인증 획득한 메이크업 브랜드(Make up brand with CPNP)&apos; 제품을 찾고 있습니다.,건강 및 미용 (Health & Beauty),독일,중소벤처기업진흥공단,2024-02-20,2024-04-30,DE
58,미국 홈제품 유통바이어가 생활 탈취제(Odor Eliminator) 제품(젤타입) OEM/ODM 제조사를 찾고 있습니다.,"가정, 조명 및 장치 (Home, Lights & Construction)",미국,중소벤처기업진흥공단,2024-02-23,2024-03-05,US
59,베트남 바이어가 일반 여성용 생리대 공급업체를 찾고 있습니다.,건강 및 미용 (Health & Beauty),베트남,중소벤처기업진흥공단,2024-02-27,2024-07-30,VN
60,인도 바이어가 강철 코일 (Steel Coils) 공급사를 찾고 있습니다.,"기계, 산업 부품 및 기구 (Machinery, Industrial Parts & Tools)",인도,중소벤처기업진흥공단,2024-02-28,2024-03-27,IN
61,미국 바이어가 KF94 마스크 공급업체를 찾고 있습니다.,건강 및 미용 (Health & Beauty),미국,중소벤처기업진흥공단,2024-02-29,2024-03-04,US
62,뉴질랜드 바이어가 클렌징 패드를  프라이빗 라벨로  공급 가능한  기업을 찾습니다.,건강 및 미용 (Health & Beauty),뉴질랜드,중소벤처기업진흥공단,2024-02-29,2024-03-12,NZ
63,"싱가포르 소규모 유통바이어가 화이트닝, 안티에이징(Whitening, Anti-aging) 기능성 스킨케어 제품을 찾고 있습니다.",건강 및 미용 (Health & Beauty),싱가포르,중소벤처기업진흥공단,2024-03-05,2024-03-07,SG
64,"싱가포르 바이어가 현지 레스토랑 및 식품점에 납품 가능한 할랄(Halal) 인증 식품(고추장 갈비양념 등 소스류 / 라면, 비빔밥, 김치 등 키트,완제)을 찾고 있습니다.",농업 및 식품 (Agriculture & Food),싱가포르,중소벤처기업진흥공단,2024-03-06,2024-03-14,SG
65,말레이시아 바이어가 기초 스킨케어 제품(Basic skincare products) 공급자를 찾고 있습니다.,건강 및 미용 (Health & Beauty),말레이시아,중소벤처기업진흥공단,2024-03-07,2024-03-07,MY
66,"홍콩 바이어가 &apos;기능성 화장품(병풀[centella asiatica]성분 필수, 피부재생 탁월 &amp; 강력한 보습력) 제품을 찾고 있습니다.",건강 및 미용 (Health & Beauty),홍콩,중소벤처기업진흥공단,2024-03-08,2024-03-14,HK
67,뉴질랜드 바이어가 천연가죽 아이폰 폰케이스를 찾고 있습니다.,"가방, 신발 및 액세서리 (Bags, Shoes & Accessories)",뉴질랜드,중소벤처기업진흥공단,2024-03-11,2024-03-18,NZ
68,세르비아 바이어가 히알루론산 필러(Hyaluronic Acid Filler) 의  공급사를 찾고 있습니다.,건강 및 미용 (Health & Beauty),세르비아,중소벤처기업진흥공단,2024-03-12,2024-04-10,
69,캐나다 바이어가 스파용 두피 관리 기계 (Scalp Treatment Machine for Spa) 공급사를 찾고 있습니다.,건강 및 미용 (Health & Beauty),캐나다,중소벤처기업진흥공단,2024-03-12,2024-03-29,CA
70,필리핀 바이어가 냉매축적기(REFRIGERANT ACCUMULATOR)공급사를 찾고 있습니다.,"기계, 산업 부품 및 기구 (Machinery, Industrial Parts & Tools)",필리핀,중소벤처기업진흥공단,2024-03-12,2024-03-26,PH
71,싱가포르 바이어가 유아용 (9개월 이상) 비건 파스타 소스 제조사를 찾고 있습니다.,농업 및 식품 (Agriculture & Food),싱가포르,중소벤처기업진흥공단,2024-03-13,2024-03-20,SG
72,아랍에미리트 바이어가  음압 상처 치료 장치 (negative pressure wound healing device) 제조공급업체를 찾고 계십니다.,건강 및 미용 (Health & Beauty),아랍에미리트,중소벤처기업진흥공단,2024-03-29,2024-04-18,AE
73,아랍에미리트 바이어가  상처용 치료용  실리콘 패치 (Silicon Patch for Scar) 제조공급업체를 찾고 계십니다.,건강 및 미용 (Health & Beauty),아랍에미리트,중소벤처기업진흥공단,2024-03-29,2024-04-18,AE
74,미국 바이어가 오가닉 또는 종이 재질 가방의 에코백을 찾고 있습니다.,"가방, 신발 및 액세서리 (Bags, Shoes & Accessories)",미국,중소벤처기업진흥공단,2024-03-14,2024-03-21,US
75,인도 바이어가 자동차용 악세사리 및 자동차 실내용 스마트 디스플레이 공급업체를 찾고 있습니다.,전자제품 (Electronics),인도,중소벤처기업진흥공단,2024-03-14,2024-03-26,IN
76,포르투갈 바이어가 &apos;에세틱샵용 뷰티 디바이스(Beauty device for esthetic shop)&apos; 제품을 찾고 있습니다.,건강 및 미용 (Health & Beauty),포르투갈,중소벤처기업진흥공단,2024-03-19,2024-03-26,
77,미국 바이어가 헬로키티와 디즈니 캐릭터  라이센스를 가지고 있는 학용품회사를 찾고 있습니다.,"포장, 광고 및 사무 (Packaging, Advertising & Office)",미국,중소벤처기업진흥공단,2024-03-19,2024-03-26,US
78,홍콩바이어가 샤워헤드 (Shower Head)  / 욕실 및  주방용 소형 가전 제품 (Electrical Appliance for Bath and Kitchen) 제조공급업체를 찾고 계십니다.,"가정, 조명 및 장치 (Home, Lights & Construction)",홍콩,중소벤처기업진흥공단,2024-03-19,2024-04-10,HK
79,홍콩바이어가 영유아용 제품 (Baby and Kids Items) 제조공급업체를 찾고 계십니다.,"가정, 조명 및 장치 (Home, Lights & Construction)",홍콩,중소벤처기업진흥공단,2024-03-19,2024-04-10,HK
80,홍콩바이어가 뷰티 디바이스 (Beauty Device) 제조공급업체를 찾고 계십니다.,건강 및 미용 (Health & Beauty),홍콩,중소벤처기업진흥공단,2024-03-19,2024-04-10,HK
81,홍콩바이어가 애완용품 (Pet Product) 제조공급업체를 찾고 계십니다.,"가정, 조명 및 장치 (Home, Lights & Construction)",홍콩,중소벤처기업진흥공단,2024-03-21,2024-04-12,HK
82,싱가포로 바이어가 모기 패치 시트 (어린이용 스티커) 를 찾고 있습니다.,건강 및 미용 (Health & Beauty),싱가포르,중소벤처기업진흥공단,2024-03-21,2024-04-30,SG
83,"인도 바이어가 병원 방사선과용 메디칼 필름, 디알판넬, 초음파 프로브, 방사선과용 엑스레이 장비 기계 및 소모품 공급업체를 찾고 있습니다.",건강 및 미용 (Health & Beauty),인도,중소벤처기업진흥공단,2024-03-22,2024-04-30,IN
84,미국 바이어가  안티에이징  스킨케어((히알루론산패치)를 찾고 있습니다.,건강 및 미용 (Health & Beauty),미국,중소벤처기업진흥공단,2024-03-29,2024-04-04,US
85,태국 바이어가 저칼로리 면 제품을 찾습니다. (180g당 8kcal 이하 제품),농업 및 식품 (Agriculture & Food),타이,중소벤처기업진흥공단,2024-04-01,2024-04-15,
86,"스페인 바이어가 헤어 두피 케어 엑소좀, 바이알, 앰플 제품(hair and scalp treatments. exosomes for hair loss, ampoule/vials for hair care)을 찾고 있습니다.",건강 및 미용 (Health & Beauty),스페인,중소벤처기업진흥공단,2024-04-03,2024-04-09,ES
87,미국 바이어가 눈찜질기기 패드와 컨트롤러를  제조사를 찾고 있습니다,건강 및 미용 (Health & Beauty),미국,중소벤처기업진흥공단,2024-04-05,2024-04-30,US
88,태국  화장품  OEM 제조사가 앰플  공급사를 찾고 있습니다.,건강 및 미용 (Health & Beauty),타이,중소벤처기업진흥공단,2024-04-05,2024-04-12,
89,"홍콩 바이어가 &apos;잡티 제거, UV 보호, 보습, 미백  등 4가지 효과를 가진 쿠션 파운데이션&apos; 제품을 찾고 있습니다.",건강 및 미용 (Health & Beauty),홍콩,중소벤처기업진흥공단,2024-04-11,2024-04-17,HK
90,"몽골  바이어가 스킨케어, 메이크업, 헤어&amp;바디케어, 여성용제품, 유아 화장품 브랜드 공급사를 찾고 있습니다.",건강 및 미용 (Health & Beauty),몽골,중소벤처기업진흥공단,2024-04-11,2024-04-19,MN
91,미국 바이어가 전문뷰티/시술샵 유통가능한  지방분해주사 및 지방분해 제품(Fat dissolving injection or product for expert beauty shops)을 찾고 있습니다.,건강 및 미용 (Health & Beauty),미국,중소벤처기업진흥공단,2024-04-11,2024-04-19,US
92,인도 바이어가 병원에서 사용되는 스킨케어 피부 레이저 기기 공급업체를 찾고 있습니다.,건강 및 미용 (Health & Beauty),인도,중소벤처기업진흥공단,2024-04-12,2024-04-25,IN
93,홍콩 바이어가 프로페셔널 전문가용 샴푸(Professional Shampoo)공급자를 찾고 있습니다.,건강 및 미용 (Health & Beauty),홍콩,중소벤처기업진흥공단,2024-04-15,2024-04-29,HK
94,홍콩 바이어가 스킨 앰플(Skin Amples)공급자를 찾고 있습니다.,건강 및 미용 (Health & Beauty),홍콩,중소벤처기업진흥공단,2024-04-15,2024-04-15,HK
95,캄보디아 바이어가 Trending 한 화장품 공급업체를 찾습니다.,건강 및 미용 (Health & Beauty),캄보디아,중소벤처기업진흥공단,2024-04-15,2024-04-15,KH
96,캄보디아바이어가 에어포장재 (Air Column Bag Packing) 제조 공급 업체를 찾습니다.,"포장, 광고 및 사무 (Packaging, Advertising & Office)",캄보디아,중소벤처기업진흥공단,2024-04-15,2024-04-29,KH
97,미국 바이어가 헬로키티와 디즈니 캐릭터 라이센스를 가지고 있는 학용품취급 업체를 찾고 있습니다.,"선물, 스포츠 및 장난감 (Gifts, Sports & Toys)",미국,중소벤처기업진흥공단,2024-04-17,2024-04-24,US
98,미국 바이어가 워셔블 크레프트 종이재질의 토트백 ( Washable Kraft Paper Tote Bag)을 찾고 있습니다.,"가방, 신발 및 액세서리 (Bags, Shoes & Accessories)",미국,중소벤처기업진흥공단,2024-04-17,2024-04-23,US
99,세르비아 바이어가 종이 시트 세탁 세제 공급업체를 찾고 있습니다.,"가정, 조명 및 장치 (Home, Lights & Construction)",세르비아,중소벤처기업진흥공단,2024-04-17,2024-04-24,
100,싱가포르 메이크업 온오프라인 유통바이어가 홈 셀프 페디큐어 제품(Pedicure DIY type for home use)을 찾고 있습니다.,건강 및 미용 (Health & Beauty),싱가포르,중소벤처기업진흥공단,2024-04-18,2024-04-23,SG
101,싱가포르 메이크업 온오프라인 유통바이어가 아이래쉬(Eye Lashes) 제품을 찾고 있습니다.,건강 및 미용 (Health & Beauty),싱가포르,중소벤처기업진흥공단,2024-04-18,2024-04-23,SG
102,"인도 바이어가 의류 케어 제품 (드레스 퍼퓸, 스프레이 등) 을 찾고 있습니다.","의류, 직물 및 액세서리 (Apparel, Textiles & Accessories)",인도,중소벤처기업진흥공단,2024-04-19,2024-04-26,IN
103,베트남바이어가 여성청결제 공급업체를 찾고 있습니다.,건강 및 미용 (Health & Beauty),베트남,중소벤처기업진흥공단,2024-04-25,2024-05-02,VN
104,대만 바이어가 &apos;이불수납 압축파우치&apos; 제품을 찾고 있습니다.,"의류, 직물 및 액세서리 (Apparel, Textiles & Accessories)",대만,중소벤처기업진흥공단,2024-04-26,2024-05-31,TW
105,"우즈베키스탄 바이어가 &apos;태양광 시스템용 태양광 전지, 인버터, 배터리&apos; 제품을 찾고 있습니다.","전자 장비, 부품 및 전기통신 (Electronic Equipment, Component & Telecoms)",우즈베키스탄,중소벤처기업진흥공단,2024-04-29,2024-07-31,UZ
106,"인도네시아 바이어가 숙취해소 또는 숙취완화 기능제품(Hangover relieving, cure product, any types)을 찾고 있습니다.",농업 및 식품 (Agriculture & Food),인도네시아,중소벤처기업진흥공단,2024-05-02,2024-05-08,ID
107,"인도네시아 바이어가 병원에서 사용되는 엑스레이 기기, 엠알아이, 시티스켄, 수술용 의료기구 공급업체를 찾고 있습니다.",건강 및 미용 (Health & Beauty),인도네시아,중소벤처기업진흥공단,2024-05-02,2024-05-17,ID
108,인도네시아 바이어가 공장용 국수 제조 기계 (Noodle Producing Euipment)를 찾고 있습니다.,"기계, 산업 부품 및 기구 (Machinery, Industrial Parts & Tools)",인도네시아,중소벤처기업진흥공단,2024-05-03,2024-05-31,ID
109,"인도네시아 바이어가 폴리우레탄 주물, PU 폼 첨가제, 고무 첨가제 및 기계용 화학원료 및 원자재 공급업체를 찾고 있습니다.","기계, 화학, 고무 및 플라스틱 (Metallurgy, Chemicals, Rubber & Plastics)",인도네시아,중소벤처기업진흥공단,2024-07-03,2024-07-17,ID
110,"대만 바이어거가 토너, 크림, 클렌저 세트로 구성된 제품을 OEM 으로 공급 가능한 업체를 찾고 있습니다",건강 및 미용 (Health & Beauty),대만,중소벤처기업진흥공단,2024-05-03,2024-05-07,TW
111,모로코 바이어가 벽면에 설치하는 광고용 3D 입체 광고판 공급업체를 찾고 있습니다.,전자제품 (Electronics),모로코,중소벤처기업진흥공단,2024-05-07,2024-05-17,MA
112,영국 바이어가 뷰티살롱 사용 용도의 클렌징 워터  공급사를 찾고 있습니다.,건강 및 미용 (Health & Beauty),영국,중소벤처기업진흥공단,2024-05-13,2024-05-24,GB
113,필리핀 바이어가 화장품 전문 매장에서 판매되고 있고 브랜드 인지도 있는 중가 브랜드 제품의 스킨케어 및 색조 화장품 공급업체를 찾고 있습니다.,건강 및 미용 (Health & Beauty),필리핀,중소벤처기업진흥공단,2024-05-13,2024-05-14,PH
114,베트남 바이어가 진세노사이드 함량 10m/mg 이상의 인삼 추출물을 찾고 있습니다.,농업 및 식품 (Agriculture & Food),베트남,중소벤처기업진흥공단,2024-05-13,2024-05-24,VN
115,홍콩바이어가 조미오징어 (dried Squid snack products) 제조공급사를 찾고 계십니다.,농업 및 식품 (Agriculture & Food),홍콩,중소벤처기업진흥공단,2024-05-17,2024-05-31,HK
116,"말레이시아 바이어가 2,3,4웨이 볼밸브 (2-4way ball valves)를 찾고 있습니다.","기계, 산업 부품 및 기구 (Machinery, Industrial Parts & Tools)",말레이시아,중소벤처기업진흥공단,2024-05-17,2024-05-23,MY
117,캄보디아 바이어가 숙취해소 또는 숙취완화기능제품(Hangver Relieving and Functional Product),농업 및 식품 (Agriculture & Food),캄보디아,중소벤처기업진흥공단,2024-04-24,2024-05-23,KH
118,파키스탄 바이어가 고무노화방지왁스(Anti Ozone Wax)와 합성고무(Synthetic rubber)의 공급사를 찾고 있습니다.,"기계, 화학, 고무 및 플라스틱 (Metallurgy, Chemicals, Rubber & Plastics)",파키스탄,중소벤처기업진흥공단,2024-05-20,2024-06-19,PK
119,"이란 바이어가 의료용품, 수술용 조명, 청진기, 주사기 및 바늘 등의 공급업체를 찾고 있습니다.",건강 및 미용 (Health & Beauty),이란,중소벤처기업진흥공단,2024-05-20,2024-06-05,IR
120,이란 바이어가 피부과에서 사용되는 피부미용 레이지 기기 공급업체를 찾고 있습니다.,건강 및 미용 (Health & Beauty),이란,중소벤처기업진흥공단,2024-05-20,2024-06-05,IR
121,"미국바이어가 40~90대 에게 적합한 안티에이징. 수분공급 및 애프터 케어용 마이크로 니들링 (더마롤러종류 / 마이크로니들링 더마펜 기계), 항산화 / 펩타이드 / PDRN /  아미노산 스킨케어제품 공급업체를 찾고 계십니다.",건강 및 미용 (Health & Beauty),미국,중소벤처기업진흥공단,2024-05-21,2024-06-04,US
122,미국 한인 바이어가 이너뷰티 건강식품(Inner Beauty) 공급자를 찾습니다.,건강 및 미용 (Health & Beauty),미국,중소벤처기업진흥공단,2024-05-22,2024-05-24,US
123,싱가포르바이어가 좌식등받이 의자(자세교정의자 ergonomic chair)를 찾고 있습니다.,"가정, 조명 및 장치 (Home, Lights & Construction)",싱가포르,중소벤처기업진흥공단,2024-05-29,2024-06-12,SG
124,"베트남 바이어가 즉석식품 (밥종류, 떡뽁이 제외) 공급업체를 찾고 있습니다.",농업 및 식품 (Agriculture & Food),베트남,중소벤처기업진흥공단,2024-06-03,2024-06-15,VN
125,"베트남 바이어가 키즈, 베이비 건강기능식품(functional healthy food with marketing point)을 찾고 있습니다.",농업 및 식품 (Agriculture & Food),베트남,중소벤처기업진흥공단,2024-06-04,2024-06-10,VN
126,폴란드 바이어가 불닭볶음면 같은 비빔 라면 공급업체를 찾고 있습니다.,농업 및 식품 (Agriculture & Food),폴란드,중소벤처기업진흥공단,2024-06-04,2024-06-15,PL
127,태국 바이어가 국내산 맥주(Beer) 제조사를 찾습니다,농업 및 식품 (Agriculture & Food),타이,중소벤처기업진흥공단,2024-06-04,2024-06-11,
128,베트남 바이어가 홍삼 캔디 제조사를 찾습니다. (유통사 불가),농업 및 식품 (Agriculture & Food),베트남,중소벤처기업진흥공단,2024-06-05,2024-06-19,VN
129,태국 바이어가  히이드롤릭 실 (Hydraulic Seal)과 부품 공급사를 찾고 있습니다.,"기계, 산업 부품 및 기구 (Machinery, Industrial Parts & Tools)",타이,중소벤처기업진흥공단,2024-06-11,2024-07-12,
130,태국 바이어가 비건식품 공급업체를 찾고 있습니다.,농업 및 식품 (Agriculture & Food),타이,중소벤처기업진흥공단,2024-06-11,2024-06-17,
131,브루나이 바이어가 할랄 인증을 받은 스낵 제품을 찾습니다. (할랄 인증서 필수),농업 및 식품 (Agriculture & Food),브루나이,중소벤처기업진흥공단,2024-06-11,2024-06-25,
132,오스트레일리아 바이어가 &apos;멀티 유스 밤(Multi use balm)&apos; 제품을 찾고 있습니다.(브랜드사만 신청가능),건강 및 미용 (Health & Beauty),오스트레일리아,중소벤처기업진흥공단,2024-06-13,2024-06-25,
133,오스트레일리아 바이어가 &apos;자외선 차단제(Sunscreen)&apos; 제품을 찾고 있습니다.(브랜드사만 신청가능),건강 및 미용 (Health & Beauty),오스트레일리아,중소벤처기업진흥공단,2024-06-13,2024-06-18,
134,인도네시아 바이어가 스낵 및 구미젤리 제품 제조사(only 제조업체)를 찾고 있습니다.,농업 및 식품 (Agriculture & Food),인도네시아,중소벤처기업진흥공단,2024-06-14,2024-06-21,ID
135,캄보디아 바이이가 메이크업제품군 공급업체를 찾고 있습니다.,건강 및 미용 (Health & Beauty),캄보디아,중소벤처기업진흥공단,2024-06-17,2024-06-24,KH
136,독일 바이어가  스킨케어 제품을 찾고 있습니다.,건강 및 미용 (Health & Beauty),독일,중소벤처기업진흥공단,2024-06-18,2024-06-19,DE
137,"말레이시아 바이이가 좌식자세교정의자(Chair Cushion,  Correct Sitting, ergonomic chair) 제품군을 찾습니다.","가정, 조명 및 장치 (Home, Lights & Construction)",말레이시아,중소벤처기업진흥공단,2024-06-18,2024-06-25,MY
138,미국 바이어가 손톱 붙이는 Glue 공급업체를 찾고 있습니다.,건강 및 미용 (Health & Beauty),미국,중소벤처기업진흥공단,2024-06-18,2024-06-24,US
139,말레이시아 바이어가 자동전환스위치 (Auto transfer switch) 공급업체를 찾고 있습니다.,"전자 장비, 부품 및 전기통신 (Electronic Equipment, Component & Telecoms)",말레이시아,중소벤처기업진흥공단,2024-06-18,2024-06-25,MY
140,말레이시아 바이어가 키즈용 멀티 비타민을 찾고 있습니다.,농업 및 식품 (Agriculture & Food),말레이시아,중소벤처기업진흥공단,2024-06-21,2024-06-24,MY
141,필리핀 바이어가 C-ARM X-Ray Machine (모바일 엑스레이) 제조공급업체를 찾고 계십니다.,건강 및 미용 (Health & Beauty),필리핀,중소벤처기업진흥공단,2024-06-25,2024-07-31,PH
142,스페인 바이어가 침구류 또는 파자마 생산에 사용되는 보습 기능성 원단 공급업체를 찾고 있습니다.,"의류, 직물 및 액세서리 (Apparel, Textiles & Accessories)",스페인,중소벤처기업진흥공단,2024-07-03,2024-07-12,ES
143,"싱가포르 바이어가 유아를 위한 체온계, 젖병 살균기 OEM이 가능한 제조사 찾고 있습니다.",전자제품 (Electronics),싱가포르,중소벤처기업진흥공단,2024-07-03,2024-07-31,SG
144,글로벌기업의 베트남 지상에서 &quot;PCB 보드 (PCB Board)&quot; 제조 공급사를 찾고 계십니다.,"전자 장비, 부품 및 전기통신 (Electronic Equipment, Component & Telecoms)",베트남,중소벤처기업진흥공단,2024-07-03,2024-07-17,VN
145,나이지리아 바이어가 전자 시그널 분석에 필요한  피지오그래프(Physiograph) 분석기를 찾고 있습니다.,"전자 장비, 부품 및 전기통신 (Electronic Equipment, Component & Telecoms)",나이지리아,중소벤처기업진흥공단,2024-07-03,2024-07-19,NG
146,미국 바이어가 PVC 열수축 튜브 공급업체를 찾고 있습니다.,"기계, 화학, 고무 및 플라스틱 (Metallurgy, Chemicals, Rubber & Plastics)",미국,중소벤처기업진흥공단,2024-07-04,2024-07-12,US
147,바레인바이어가 금고(Safe Box 제조업체 또는 공급업체를 찾고 있습니다.,"가정, 조명 및 장치 (Home, Lights & Construction)",바레인,중소벤처기업진흥공단,2024-07-05,2024-07-26,BH
148,싱가포르 바이어가 상온에서 유통 가능한 &apos;비빔밥(Bibimbap)&apos; 제품을 찾고 있습니다.,농업 및 식품 (Agriculture & Food),싱가포르,중소벤처기업진흥공단,2024-07-08,2024-08-09,SG
149,싱가포르 바이어가 할랄인증 획득한 &apos;컵 떡볶이(Cup toppoki)&apos; 제품을 찾고 있습니다.,농업 및 식품 (Agriculture & Food),싱가포르,중소벤처기업진흥공단,2024-07-08,2024-07-31,SG
150,"남아프리카공화국 바이어가 스포츠, 헬스용 속옷 및 의류를 찾고 있습니다","의류, 직물 및 액세서리 (Apparel, Textiles & Accessories)",남아프리카공화국,중소벤처기업진흥공단,2024-07-10,2024-07-19,ZA
151,이스라엘 바이어가 세면대 워터필터 를 찾고 있습니다.,"가정, 조명 및 장치 (Home, Lights & Construction)",아이슬란드,중소벤처기업진흥공단,2024-07-15,2024-07-26,
152,스페인 바이어가 기초 메이크업(화장품) 관련 공급사를 찾고 있습니다.,건강 및 미용 (Health & Beauty),스페인,중소벤처기업진흥공단,2024-07-16,2024-07-19,ES
153,스페인 바이어가 바디케어 및 향수 관련 공급사를 찾고 있습니다.,건강 및 미용 (Health & Beauty),스페인,중소벤처기업진흥공단,2024-07-16,2024-07-19,ES
154,"몽골 바이어가 바디로션&amp;워시, 핸드로션&amp;워시, 샴푸 공급사를 찾고 있습니다.",건강 및 미용 (Health & Beauty),몽골,중소벤처기업진흥공단,2024-07-17,2024-07-26,MN
155,"몽골 바이어가 맥주, 소주등 알콜 음료 공급사를 찾고 있습니다.",농업 및 식품 (Agriculture & Food),몽골,중소벤처기업진흥공단,2024-07-17,2024-07-31,MN
156,"사우디아라비아 바이어가 발수제, 건설용 실리콘(Water Repellent, Construction Silicon) 제조업체를 찾고 계십니다.","기계, 화학, 고무 및 플라스틱 (Metallurgy, Chemicals, Rubber & Plastics)",사우디아라비아,중소벤처기업진흥공단,2024-07-17,2024-07-31,SA
157,"호주 바이어가 마켓 및 푸드체인에 판매 가능한 글루텐프리(Gluten-Free) 마케팅포인트 식품(스낵, 바 등)을 찾고 있습니다.",농업 및 식품 (Agriculture & Food),오스트레일리아,중소벤처기업진흥공단,2024-07-18,2024-07-25,
158,미국 바이어가 스낵 및 화장품 등을 포장할 플라스틱 백(Plastic Bags) 공급업체를 찾고 있습니다.,"기계, 화학, 고무 및 플라스틱 (Metallurgy, Chemicals, Rubber & Plastics)",미국,중소벤처기업진흥공단,2024-07-19,2024-07-22,US
159,인도 바이어가 차량용 동력 조향장치 제조사를 찾고 있습니다. (특정 사양 無),"기계, 산업 부품 및 기구 (Machinery, Industrial Parts & Tools)",인도,중소벤처기업진흥공단,2024-07-19,2024-07-26,IN
160,영국 바이이가 이동형고압세척기기(스팀기능) (Portable hot water pressure washer + steam) 공급업체를 찾고 있습니다.,"기계, 산업 부품 및 기구 (Machinery, Industrial Parts & Tools)",영국,중소벤처기업진흥공단,2024-07-23,2024-08-09,GB
161,베트남 바이어가 더운 지역 특성에 맞춘 산뜻한 마무라감의 기초 스킨케어  제품을 찾고 계십니다.,건강 및 미용 (Health & Beauty),베트남,중소벤처기업진흥공단,2024-07-23,2024-07-26,VN
162,"베트남 바이어가 다이어트 보조제, 이너뷰터 (콜라겐, 글루타지온 등) 제품을 찾고 계십니다.",건강 및 미용 (Health & Beauty),베트남,중소벤처기업진흥공단,2024-07-23,2024-07-31,VN
163,"뉴질랜드바이어가 혈당패치, 혈장측정워치(모니터링 워치) 공급사를 찾고 계십니다.",건강 및 미용 (Health & Beauty),뉴질랜드,중소벤처기업진흥공단,2024-07-23,2024-08-09,NZ
164,싱가포르에 본사를 두고있는 베트남 바이어가 음료수 OEM 제조공급업체를 찾고 계십니다.,농업 및 식품 (Agriculture & Food),베트남,중소벤처기업진흥공단,2024-07-23,2024-08-06,VN
165,"대만 바이어가 스낵 등 간식류 제품(confectionary - snack, cereal, chocolate, biscuits, cookie)의 제조업체를 찾고 있습니다.",농업 및 식품 (Agriculture & Food),대만,중소벤처기업진흥공단,2024-07-23,2024-07-30,TW
166,인도 바이어가 원데이 컬러콘택트렌즈 공급업체를 찾고 있습니다.,건강 및 미용 (Health & Beauty),인도,중소벤처기업진흥공단,2024-07-25,2024-07-31,IN
167,인도 바이어가  카 스테레오 관련 공급사를 찾고 있습니다.,"전자 장비, 부품 및 전기통신 (Electronic Equipment, Component & Telecoms)",인도,중소벤처기업진흥공단,2024-07-25,2024-08-16,IN
168,베트남 바이어가 비건 스낵(Vegan Snack)제품 공급자를 찾습니다,농업 및 식품 (Agriculture & Food),베트남,중소벤처기업진흥공단,2024-07-25,2024-07-26,VN
169,"태국 바이어가 이너뷰티(Collagen, Glutathione) 제품 공급자를 찾습니다.",건강 및 미용 (Health & Beauty),타이,중소벤처기업진흥공단,2024-07-25,2024-07-26,
170,예멘 바이어가 가슴 보형물 및 가슴 성형 기계 관련 공급사를 찾고 있습니다.,건강 및 미용 (Health & Beauty),예맨,중소벤처기업진흥공단,2024-07-25,2024-08-16,
171,이라크 바이어가  화장품(페이스 크림 및 페이스 세럼) 관련 공급사를 찾고 있습니다.,건강 및 미용 (Health & Beauty),이라크,중소벤처기업진흥공단,2024-07-26,2024-07-31,IQ
172,스페인 바이어가 비건 스킨케어 제품을 찾고 있습니다. (CPNP 필수 / 특정 조건 O),건강 및 미용 (Health & Beauty),스페인,중소벤처기업진흥공단,2024-07-29,2024-08-02,ES
173,홍콩 바이어가  비건  식품 (Snack and Noodle)을 찾고 있습니다.,농업 및 식품 (Agriculture & Food),홍콩,중소벤처기업진흥공단,2024-07-29,2024-08-02,HK
174,이란 바이어가 휴대용 엑스레이 카메라 공급업체를 찾고 있습니다.,건강 및 미용 (Health & Beauty),이란,중소벤처기업진흥공단,2024-07-30,2024-08-07,IR
175,인도바이어가 지방흡입기기를 찾습니다. (Power assisted Liposuction machine and  battery dermatome) 공급업체를 찾고 있습니다.,건강 및 미용 (Health & Beauty),인도,중소벤처기업진흥공단,2024-07-30,2024-08-07,IN
176,싱가포르 바이어가 마데카소사이드 토너패드 브랜드 공급업체 (올리브영 입점)를 찾고 계십니다.,건강 및 미용 (Health & Beauty),싱가포르,중소벤처기업진흥공단,2024-08-06,2024-08-09,SG
177,홍콩 바이어가  통증 완화 기기를 찾고 있습니다. (ESWT/IFT/PEMF 등등-사진첨부)),건강 및 미용 (Health & Beauty),홍콩,중소벤처기업진흥공단,2024-08-07,2024-08-13,HK
178,일본 바이어가 미용에 사용되는 리프팅실(aesthetic lifting thread) 제품을 찾고 있습니다.,건강 및 미용 (Health & Beauty),일본,중소벤처기업진흥공단,2024-08-07,2024-08-14,JP
179,몽골 바이어가  3톤 LPG 탱크로리(LPG tank-lorry)를 찾고 있습니다.,자동 및 수송 (Auto & Transportation),몽골,중소벤처기업진흥공단,2024-08-07,2024-08-13,MN
180,호주 바이어가 숙취해소 음료 공급업체를 찾고 있습니다.,농업 및 식품 (Agriculture & Food),오스트레일리아,중소벤처기업진흥공단,2024-08-07,2024-11-14,
181,인도네시아 바이어가 통신용 VCSEL 공급업체를 찾고 있습니다.,"전자 장비, 부품 및 전기통신 (Electronic Equipment, Component & Telecoms)",인도네시아,중소벤처기업진흥공단,2024-08-07,2024-08-13,ID
182,말레이시아 바이어가 바이어 브랜드(OEM)의 페이스 세럼(Face serum) 제조사(공급사)를 찾고 있습니다.,건강 및 미용 (Health & Beauty),말레이시아,중소벤처기업진흥공단,2024-08-08,2024-10-14,MY
183,말레이시아 바이어가 바이어 브랜드(OEM)의 비누(Soap) 제조사(공급사)를 찾고 있습니다.,건강 및 미용 (Health & Beauty),말레이시아,중소벤처기업진흥공단,2024-08-08,2024-09-30,MY
184,인도 바이어가 고추 건조기 및 고춧가루 분쇄기를 찾습니다,"기계, 산업 부품 및 기구 (Machinery, Industrial Parts & Tools)",인도,중소벤처기업진흥공단,2024-08-08,2024-08-30,IN
185,키프러스(사이프러스) 바이이가 휴대용 워터픽(Cordless Water Flosser) 공급업체를 찾고 있습니다.,건강 및 미용 (Health & Beauty),사이프러스,중소벤처기업진흥공단,2024-08-12,2024-08-23,
186,홍콩 바이어가  화장품(시트 마스크) 관련 공급사를 찾고 있습니다.,건강 및 미용 (Health & Beauty),홍콩,중소벤처기업진흥공단,2024-08-12,2024-08-14,HK
187,미국 바이어가 가위형 리프트(스카이 리프트) 관련 공급사를 찾고 있습니다.,"기계, 산업 부품 및 기구 (Machinery, Industrial Parts & Tools)",미국,중소벤처기업진흥공단,2024-08-13,2024-08-30,US
188,인도 바이어가 아크릴로니트릴 부타디엔 스티렌 (Acrylonitrile Butadiene Styren_ABS) 관련 공급사를 찾고 있습니다,"기계, 화학, 고무 및 플라스틱 (Metallurgy, Chemicals, Rubber & Plastics)",인도,중소벤처기업진흥공단,2024-08-22,2024-09-13,IN
189,미국 바이어가 헤어 악세사리 (Hair Accessories)관련 공급사를 찾고 있습니다,"가방, 신발 및 액세서리 (Bags, Shoes & Accessories)",미국,중소벤처기업진흥공단,2024-08-26,2024-09-30,US
190,미국 바이어가 눈썹 면도칼 제조 업체를 찾고 있습니다.,건강 및 미용 (Health & Beauty),미국,중소벤처기업진흥공단,2024-08-14,2024-08-23,US
191,방글라데시 바이어가 알약 검사 장비 및 캡슐층진기 (Tablet/capsule inspection and Capsule filling machine)공급사를 찾고 있습니다.,건강 및 미용 (Health & Beauty),방글라데시,중소벤처기업진흥공단,2024-08-14,2024-09-13,BD
192,뉴질랜드 바이어가 물엿과 고추장 제조사를 찾고 있습니다.,농업 및 식품 (Agriculture & Food),뉴질랜드,중소벤처기업진흥공단,2024-08-14,2024-08-30,NZ
193,인도네시아 커피체인 유통바이어가 스낵용 트레이(Snack Tray for Restaurant Chain) 제품을 찾고 있습니다.,"가정, 조명 및 장치 (Home, Lights & Construction)",인도네시아,중소벤처기업진흥공단,2024-08-14,2024-09-06,ID
194,"아랍에미리트 바이어가 탈모방지 헤어/두피 앰플, 세럼(Anti-hairloss ampoule, serum) 제품을 찾고 있습니다.",건강 및 미용 (Health & Beauty),아랍에미리트,중소벤처기업진흥공단,2024-08-14,2024-08-21,AE
195,이집트 바이어가  에어리스 페인팅 스프레이 분무기(Airless Painting Spray Pump) 관련 공급사를 찾고 있습니다,"기계, 산업 부품 및 기구 (Machinery, Industrial Parts & Tools)",이집트,중소벤처기업진흥공단,2024-08-14,2024-08-30,EG
196,인도 바이어가 솔벤트(C9 Solvent 및 C10 Solvent) 및  소듐 라우릴 에테르 설페이트(Sodium Lauryl Ether Sulphate) 관련 공급사를 찾고 있습니다,"기계, 화학, 고무 및 플라스틱 (Metallurgy, Chemicals, Rubber & Plastics)",인도,중소벤처기업진흥공단,2024-08-22,2024-09-20,IN
197,인도 바이어가 다이옥틸 프탈레이트(Dioctyl Phthalate_DOP) 관련 공급사를 찾고 있습니다,"기계, 화학, 고무 및 플라스틱 (Metallurgy, Chemicals, Rubber & Plastics)",인도,중소벤처기업진흥공단,2024-08-22,2024-09-13,IN
198,홍콩 바이어가 여드름 치료용 마이크로니들 패치 관련 공급사를 찾고 있습니다.,건강 및 미용 (Health & Beauty),홍콩,중소벤처기업진흥공단,2024-08-26,2024-09-04,HK
199,미국 바이어가 악세서리 재료 및 쥬얼리(Accessory &amp; Materia) 공급자를 찾습니다.,"가방, 신발 및 액세서리 (Bags, Shoes & Accessories)",미국,중소벤처기업진흥공단,2024-08-26,2024-08-30,US
200,독일 바이어가 Beauty of Joseon 제품 공급이 가능한 공급업자를  찾고 있습니다,건강 및 미용 (Health & Beauty),독일,중소벤처기업진흥공단,2024-08-28,2024-09-06,DE
201,방글라데시 바이어가 특수차량 공급업체를 찾고 있습니다.,자동 및 수송 (Auto & Transportation),방글라데시,중소벤처기업진흥공단,2024-08-28,2024-09-10,BD
202,"방글라데시 바이어가 구명조끼, 구명정,  방탄조끼, 소방장갑 등의 보호 관련 상품을 찾습니다","가정, 조명 및 장치 (Home, Lights & Construction)",방글라데시,중소벤처기업진흥공단,2024-08-29,2024-09-10,BD
203,"인도 바이어가 골프웨어, 골프 악세서리 등 다양한 골프용품을 찾고 있습니다.","선물, 스포츠 및 장난감 (Gifts, Sports & Toys)",인도,중소벤처기업진흥공단,2024-08-30,2024-09-10,IN
204,인도 바이어가 패션 액세서리를  찾고 있습니다,"가방, 신발 및 액세서리 (Bags, Shoes & Accessories)",인도,중소벤처기업진흥공단,2024-08-30,2024-09-05,IN
205,인도 바이어가 네일 용품업체를  찾고 있습니다,건강 및 미용 (Health & Beauty),인도,중소벤처기업진흥공단,2024-08-30,2024-09-05,IN
206,"싱가포르 소규모 네일 체인 바이어가 네일 매니큐어(Nail Polisher, file) 관련 제품을 찾고 있습니다.",건강 및 미용 (Health & Beauty),싱가포르,중소벤처기업진흥공단,2024-08-30,2024-09-12,SG
207,홍콩 바이어가 체외 충격파 치료기 관련 공급사를 찾고 있습니다.,"전자 장비, 부품 및 전기통신 (Electronic Equipment, Component & Telecoms)",홍콩,중소벤처기업진흥공단,2024-09-02,2024-10-11,HK
208,칠레 바이어가 에너지스토리지(Energy storage)와 모듈식전해조(Modular electrolyzer) 공급업체를 찾고 있습니다.,"전자 장비, 부품 및 전기통신 (Electronic Equipment, Component & Telecoms)",칠레,중소벤처기업진흥공단,2024-09-03,2024-09-09,CL
209,"칠레 바이어가 유아, 어린이심리발달에 좋은 운동놀이기구 공급업체를 찾고 있습니다.","선물, 스포츠 및 장난감 (Gifts, Sports & Toys)",칠레,중소벤처기업진흥공단,2024-09-03,2024-09-09,CL
210,캐나다 바이어가 제브라 블라인드용 원단  관련 공급사를 찾고 있습니다.,"의류, 직물 및 액세서리 (Apparel, Textiles & Accessories)",캐나다,중소벤처기업진흥공단,2024-09-03,2024-10-11,CA
211,쿠웨이트 바이어가 코직산 비누(Kojic Acid Soap) 제조사를 찾고 있습니다.,건강 및 미용 (Health & Beauty),쿠웨이트,중소벤처기업진흥공단,2024-09-04,2024-09-10,KW
212,브라질 바이어가 [속눈썹 연장용 접착제/속눈썹용 접착제/네일용 접착제] 를 모두 취급하는 국내 제조사 및 유통사를 찾고 있습니다.,건강 및 미용 (Health & Beauty),브라질,중소벤처기업진흥공단,2024-09-04,2024-09-10,BR
213,아르헨티나 바이어가 대형 원형 파이프 절단 기계 (Big diameter tube cutting machines) 공급사를 찾고 있습니다.,"기계, 산업 부품 및 기구 (Machinery, Industrial Parts & Tools)",아르헨티나,중소벤처기업진흥공단,2024-09-05,2024-09-30,AR
214,홍콩 바이어가 유자차 공급 업체를 찾고 있습니다.,농업 및 식품 (Agriculture & Food),홍콩,중소벤처기업진흥공단,2024-09-09,2024-09-19,HK
215,베트남 바이어가 유기농 인증 획득한 &apos;유아/어린이용 유기농 홍삼&apos; 제품 찾고 있습니다.,농업 및 식품 (Agriculture & Food),베트남,중소벤처기업진흥공단,2024-09-09,2024-09-20,VN
216,캄보디아 바이어가 핫도그파우더 믹스(Hot Dog Powder Mix) 공급업체를 찾고 있습니다.,농업 및 식품 (Agriculture & Food),캄보디아,중소벤처기업진흥공단,2024-09-10,2024-09-20,KH
217,영국 바이어가 레이저 제모기기 관련 공급사를 찾고 있습니다.,건강 및 미용 (Health & Beauty),영국,중소벤처기업진흥공단,2024-09-10,2024-10-11,GB
218,쿠웨이트 바이어가 비듬 제거에 특화된 샴푸 제조사를 찾고 있습니다.,건강 및 미용 (Health & Beauty),쿠웨이트,중소벤처기업진흥공단,2024-09-10,2024-09-20,KW
219,브라질 바이어가 색조 화장품(립스틱/쉐도우)등 제조/유통사를 찾고 있습니다. (스킨케어 불가),건강 및 미용 (Health & Beauty),브라질,중소벤처기업진흥공단,2024-09-10,2024-09-20,BR
220,베트남 바이어가 산화아연 (Zinc Oxide) 공급 업체를 찾고 있습니다.,"기계, 화학, 고무 및 플라스틱 (Metallurgy, Chemicals, Rubber & Plastics)",베트남,중소벤처기업진흥공단,2024-09-11,2024-09-20,VN
221,남아공 바이이가 중고차(Used Car) 수출공급업체를 찾고 있습니다.,자동 및 수송 (Auto & Transportation),남아프리카공화국,중소벤처기업진흥공단,2024-09-12,2024-09-13,ZA
222,미국 바이어가 세안브러쉬 (Facial Cleansing Brush) 공급업체를 찾고 계십니다.,건강 및 미용 (Health & Beauty),미국,중소벤처기업진흥공단,2024-09-13,2024-09-18,US
223,"미국 바이어가 유아동, 산모 건강보조식품 공급업체를 찾고 계십니다.",농업 및 식품 (Agriculture & Food),미국,중소벤처기업진흥공단,2024-09-13,2024-09-27,US
224,미국 바이어가 플리스 소재 담요 관련 공급사를 찾고 있습니다.,"의류, 직물 및 액세서리 (Apparel, Textiles & Accessories)",미국,중소벤처기업진흥공단,2024-09-13,2024-10-11,US
225,미국 바이어가 휴대용 태양광 랜턴 관련 공급사를 찾고 있습니다.,"가정, 조명 및 장치 (Home, Lights & Construction)",미국,중소벤처기업진흥공단,2024-09-19,2024-10-11,US
226,미국 바이어가 조리 도구 세트 관련 공급사를 찾고 있습니다.,"가정, 조명 및 장치 (Home, Lights & Construction)",미국,중소벤처기업진흥공단,2024-09-19,2024-10-11,US
227,미국바이어가 층간소음방지 매트(TPU MAT) 찾고 있습니다.,"가정, 조명 및 장치 (Home, Lights & Construction)",미국,중소벤처기업진흥공단,2024-10-30,2024-11-08,US
228,"필리핀 바이어가  휴대용 &amp; 고정용 흡인기 (Portable Suction Machine , Stationary Suction Machine ) 와 전기 지혈기(Cautery Machine)를 찾고 있습니다.",건강 및 미용 (Health & Beauty),필리핀,중소벤처기업진흥공단,2024-09-20,2024-10-18,PH
229,"이집트 바이이가 국내제조 수공구들 제품을 찾고 있습니다. (Spanner, Socket, Pliers, Screwdriver,Measuring tools)","기계, 산업 부품 및 기구 (Machinery, Industrial Parts & Tools)",이집트,중소벤처기업진흥공단,2024-10-31,2024-11-15,EG
230,이란 바이어가 자동차 부품 (현대 및 기아용) 제조사를 찾고 있습니다.,자동 및 수송 (Auto & Transportation),이란,중소벤처기업진흥공단,2024-09-23,2024-10-18,IR
231,"필리핀 바이어가 조미김, 스시노리 제조공급업체를 찾고 계십니다.",농업 및 식품 (Agriculture & Food),필리핀,중소벤처기업진흥공단,2024-09-23,2024-10-07,PH
232,베트남 바이어가 &apos;유아/어린이용 홍삼&apos; 제품을 찾고 있습니다.,농업 및 식품 (Agriculture & Food),베트남,중소벤처기업진흥공단,2024-09-24,2024-10-11,VN
233,"영국 바이어가 슈퍼마켓에 납품할 과자 스낵류, 아이스크림, 즉석식품 공급 업체를 찾고 있습니다.",농업 및 식품 (Agriculture & Food),영국,중소벤처기업진흥공단,2024-09-24,2024-09-27,GB
234,말레이시아 바이어가 니켈 도금 피스톤 로드 세트 관련 공급사를 찾고 있습니다.,"기계, 산업 부품 및 기구 (Machinery, Industrial Parts & Tools)",말레이시아,중소벤처기업진흥공단,2024-09-25,2024-10-31,MY
235,베트남에 시장을 두고있는 인도바이어가 &quot;인삼주 (Ginseng Liquor)&quot; 공급사를 칮고  계십니다.,농업 및 식품 (Agriculture & Food),인도,중소벤처기업진흥공단,2024-09-25,2024-10-17,IN
236,"방글라데시 바이어가 컬러렌즈, 안경테, 안경렌즈, 셀프 염색제품 공급사를 찾고 있습니다.",건강 및 미용 (Health & Beauty),방글라데시,중소벤처기업진흥공단,2024-09-25,2024-10-11,BD
237,태국 바이어가 펫 푸드(Pet Food) 제품 공급자를 찾습니다.,농업 및 식품 (Agriculture & Food),타이,중소벤처기업진흥공단,2024-09-25,2024-09-30,
238,홍콩바이어가 굽는 (반 경화) 젤네일 스티커 (semi-cured gel nail stickers) 제조공급업체를 찾고 계십니다.,건강 및 미용 (Health & Beauty),홍콩,중소벤처기업진흥공단,2024-10-07,2024-10-21,HK
239,파키스탄 바이어가 텍스타일 (Textiles) 제조사를 찾고 있습니다.,"의류, 직물 및 액세서리 (Apparel, Textiles & Accessories)",파키스탄,중소벤처기업진흥공단,2024-10-08,2024-10-31,PK
240,파키스탄 바이어가 자동차 부품 공급사를 찾고 있습니다.,자동 및 수송 (Auto & Transportation),파키스탄,중소벤처기업진흥공단,2024-10-08,2024-10-31,PK
241,"파키스탄 바이어가 휴대폰 악세서리, 충전기 ,헤드폰 공급사를 찾고 있습니다.",전자제품 (Electronics),파키스탄,중소벤처기업진흥공단,2024-10-08,2024-10-31,PK
242,필리핀 바이어가 마사지 매트 관련 공급사를 찾고 있습니다.,건강 및 미용 (Health & Beauty),필리핀,중소벤처기업진흥공단,2024-10-08,2024-11-08,PH
243,이집트 바이어가 &apos;투명/칼라 콘택트 렌즈&apos; 제품을 찾고 있습니다.,건강 및 미용 (Health & Beauty),이집트,중소벤처기업진흥공단,2024-10-14,2024-11-08,EG
244,모리셔스 바이어가 종이 관련 문구류 공급사를 찾고 있습니다.,"포장, 광고 및 사무 (Packaging, Advertising & Office)",모리셔스,중소벤처기업진흥공단,2024-10-15,2024-11-08,
245,파키스탄 바이어가 타월(수건) 공급사를 찾고 있습니다.,"의류, 직물 및 액세서리 (Apparel, Textiles & Accessories)",파키스탄,중소벤처기업진흥공단,2024-10-16,2024-11-08,PK
246,인도 바이어가 &apos;CNC 프레스 브레이크 및  레이저 절단기&apos; 공급사를 찾고 있습니다.,"기계, 산업 부품 및 기구 (Machinery, Industrial Parts & Tools)",인도,중소벤처기업진흥공단,2024-10-16,2024-11-08,IN
247,"말레이시아 바이어가 근육 및 관절케어, 다이어터용 핫패치(온열패치, Hot Patch)제품을 찾고 있습니다.",건강 및 미용 (Health & Beauty),말레이시아,중소벤처기업진흥공단,2024-10-17,2024-10-24,MY
248,"말레이시아 바이어가 여드름, 뽀루지 케어크림 및 스팟패치 제품(Pimple care cream, spot care pad/patch) 제조사를 찾고 있습니다.",건강 및 미용 (Health & Beauty),말레이시아,중소벤처기업진흥공단,2024-10-17,2024-10-24,MY
249,말레이시아 바이어가 건강보조식품 제조사를 찾고 있습니다.,건강 및 미용 (Health & Beauty),말레이시아,중소벤처기업진흥공단,2024-10-21,2024-11-06,MY
250,대만 바이어가 마이크로니들 아이패치 (MICRONEEDLE EYE PATCH) 제조/유통사를 찾고 있습니다.,건강 및 미용 (Health & Beauty),대만,중소벤처기업진흥공단,2024-10-21,2024-10-28,TW
251,아랍에미리트 바이어가 에어브러쉬 네일 메이크업 키트 세트 공급 업체를 찾고 있습니다.,건강 및 미용 (Health & Beauty),아랍에미리트,중소벤처기업진흥공단,2024-10-22,2024-10-31,AE
252,"말레이시아 바이어가 리포좀(Liposome) 성분이 함유된 크림, 세럼, 젤, 페이스 마스크, 샴푸, 컨디셔너 제품의 바이어 브랜드(OEM) 제조사를 찾고 있습니다.",건강 및 미용 (Health & Beauty),말레이시아,중소벤처기업진흥공단,2024-10-23,2024-10-29,MY
253,인도 바이어가 감자칩 생산 제조사를 찾고 있습니다. (OEM 거래 희망),농업 및 식품 (Agriculture & Food),인도,중소벤처기업진흥공단,2024-10-28,2024-11-08,IN
254,말레이시아 바이어가 일회용 바디스크럽 제품(고체형)을 찾고 있습니다.,건강 및 미용 (Health & Beauty),말레이시아,중소벤처기업진흥공단,2024-10-29,2024-11-08,MY
255,몽골 바이어가 주방 용품 생산업체를 찾습니다. (한국 생산품만 가능),"가정, 조명 및 장치 (Home, Lights & Construction)",몽골,중소벤처기업진흥공단,2024-10-29,2024-11-05,MN
256,말레이시아 바이어가  보톡스(Botulinum Toxin) 제품 공급자를 찾고 있습니다.,건강 및 미용 (Health & Beauty),말레이시아,중소벤처기업진흥공단,2024-10-29,2024-11-22,MY
257,"말레이시아 바이어가  토너패드, 클렌징패드, 메이크업패드 제품 공급자를 찾고 있습니다.",건강 및 미용 (Health & Beauty),말레이시아,중소벤처기업진흥공단,2024-10-29,2024-10-29,MY
258,"말레이시아 바이어가 메이크업, 스킨케어(Makeup, Skincare) 제품 공급자를 찾고 있습니다.",건강 및 미용 (Health & Beauty),말레이시아,중소벤처기업진흥공단,2024-10-29,2024-10-29,MY
259,싱가포르 바이어가  선박(해상)용 산업 장비와 산업용 3D Printer 공급자를 찾고 있습니다.,"기계, 산업 부품 및 기구 (Machinery, Industrial Parts & Tools)",싱가포르,중소벤처기업진흥공단,2024-10-29,2024-11-25,SG
260,호주 바이어가 리쥬란의 Salmon DNA 엑소좀 공급사를 찾고 있습니다.,건강 및 미용 (Health & Beauty),오스트레일리아,중소벤처기업진흥공단,2024-10-29,2024-10-31,
261,미국 바이어가 글로브밸브 및 게이트 벨브 (상세스펙 첨부)를  찾고 있습니다.,"기계, 산업 부품 및 기구 (Machinery, Industrial Parts & Tools)",미국,중소벤처기업진흥공단,2024-10-29,2024-11-22,US
262,말레이시아 바이어가 할랄 인증 받은 식품 공급 업체를 찾고 있습니다.,농업 및 식품 (Agriculture & Food),말레이시아,중소벤처기업진흥공단,2024-10-29,2024-11-08,MY
263,베트남 바이어가 졸음 방지용 껌 또는 캔디 공급 업체를 찾고 있습니다.,농업 및 식품 (Agriculture & Food),베트남,중소벤처기업진흥공단,2024-10-30,2024-11-11,VN
264,뉴질랜드 바이이가 홈케어용 박피제거 기계 제조사를 찾습니다. (Microdermabrasion Diamond Tip) 공급업체를 찾고 있습니다.,건강 및 미용 (Health & Beauty),오스트레일리아,중소벤처기업진흥공단,2024-10-30,2024-11-08,
265,"파키스탄 바이어가 전자제품(스마트 워치, 무선 이어버드 등) 및 스마트폰 관련 제품의 공급사를 찾고 있습니다.",전자제품 (Electronics),파키스탄,중소벤처기업진흥공단,2024-10-31,2024-11-24,PK
266,"파키스탄 바이어가 자동차 용품(카 악세사리, LED 조명, 중고 타이어 등등) 관련 제품의 공급사를 찾고 있습니다.",자동 및 수송 (Auto & Transportation),파키스탄,중소벤처기업진흥공단,2024-10-31,2024-11-17,PK
267,"홍콩 바이어가 친환경 음식포장용기 (레스토랑 사용 용도) / 포크, 스푼 포함  제조공급업체를 찾고 계십니다.","가정, 조명 및 장치 (Home, Lights & Construction)",홍콩,중소벤처기업진흥공단,2024-03-08,2024-03-21,HK
268,미국바이어가 알로에 베라 음료수 생산하는 업체는 찾습니다.( aloe Vera manufacturer ) 공급업체를 찾고 있습니다.,농업 및 식품 (Agriculture & Food),미국,중소벤처기업진흥공단,2024-11-01,2024-11-15,US
269,"말레이시아 바이어가 메디칼 페이스마스크 및 자가진단용품 등 질병확산방지용품(Medical face mask, self-test related supplies)을 찾고 있습니다.",건강 및 미용 (Health & Beauty),말레이시아,중소벤처기업진흥공단,2024-11-05,2024-11-11,MY
270,말레이시아 바이어가 메이크업 쿠션 파운데이션 제조업체(Cushion foundation Manufacturer)를 찾고 있습니다.,건강 및 미용 (Health & Beauty),말레이시아,중소벤처기업진흥공단,2024-11-05,2024-11-11,MY
271,"네팔 바이어가 의료 소모품 (일회용 주사, 소독제 등) 제품 제안을 요청합니다",건강 및 미용 (Health & Beauty),네팔,중소벤처기업진흥공단,2024-11-06,2024-11-11,
272,"인도 바이어가 골프 용품(의류, 액세서리, 골프채, 골프공 등) 의 공급사를 찾고 있습니다.","선물, 스포츠 및 장난감 (Gifts, Sports & Toys)",인도,중소벤처기업진흥공단,2024-11-06,2024-11-27,IN
273,인도 바이어가 요가복 및 필라테스복을 찾고 있습니다.,"의류, 직물 및 액세서리 (Apparel, Textiles & Accessories)",인도,중소벤처기업진흥공단,2024-11-06,2024-11-13,IN
274,감비아 바이어가 공장 및 회사에서 직원들이 입는 유니폼 제조 공장을 찾고 있습니다.,"의류, 직물 및 액세서리 (Apparel, Textiles & Accessories)",감비아,중소벤처기업진흥공단,2024-11-06,2024-11-11,
275,감비아 바이어가 침구류 제조 공장을 찾고 있습니다.,"가정, 조명 및 장치 (Home, Lights & Construction)",감비아,중소벤처기업진흥공단,2024-11-06,2024-12-27,
276,예멘바이어가 치과 재료인  Dental Composite Resins(복합레진/치과용충전재) 을 공급하는 업체를 찾습니다.,건강 및 미용 (Health & Beauty),예맨,중소벤처기업진흥공단,2024-11-07,2024-11-21,
277,인도 바이어가 C9 솔벤트(C9 Solvent) 공급업체를 찾고 있습니다.,"기계, 화학, 고무 및 플라스틱 (Metallurgy, Chemicals, Rubber & Plastics)",인도,중소벤처기업진흥공단,2024-11-07,2025-01-31,IN
278,산업용 오일제품을 제조하는 싱가포르 바이어가 수소처리경질 정제유(Distillates hydrotreated light) 공급업체를 찾고 있습니다.,"기계, 화학, 고무 및 플라스틱 (Metallurgy, Chemicals, Rubber & Plastics)",싱가포르,중소벤처기업진흥공단,2024-11-08,2024-12-31,SG
279,"미국 바이어가 애완 그루밍 제품 (가위, 클리퍼 블레이드, 목욕 욕조, 그루밍 테이블, 그루밍 건조기, 반려견 케이지 등) 소싱 중입니다.","가정, 조명 및 장치 (Home, Lights & Construction)",미국,중소벤처기업진흥공단,2024-11-11,2024-11-19,US
280,"칠레 바이어가 지하수를 조사, 발굴 및 개발할 수 있는 업체를 찾고 있습니다.",농업 및 식품 (Agriculture & Food),칠레,중소벤처기업진흥공단,2024-11-13,2024-11-15,CL
281,"영국 바이어가  천연 유화제(화장품 원료, BIOEMULSIFIER) 공급사를 찾고 있습니다.",건강 및 미용 (Health & Beauty),영국,중소벤처기업진흥공단,2024-11-15,2024-12-08,GB
282,인도바이어가 찹살과 누룩 공급업체를 찾고 있습니다. (Chapssal and Nuruk),농업 및 식품 (Agriculture & Food),인도,중소벤처기업진흥공단,2024-11-15,2024-11-22,IN
283,헝가리 바이어가 스폰질라 스피큘류의 화장품 set(Spongilla Spicul)를 찾습니다.,건강 및 미용 (Health & Beauty),헝가리,중소벤처기업진흥공단,2024-11-18,2024-11-21,
284,방글라데시 바이어가 파라핀 오일(Liquid Paraffin Oil) 공급사를 찾고 있습니다.,"기계, 화학, 고무 및 플라스틱 (Metallurgy, Chemicals, Rubber & Plastics)",방글라데시,중소벤처기업진흥공단,2024-11-25,2024-12-31,BD
285,인도네시아 바이어가 공기청정기 공급 업체를 찾고 있습니다.,건강 및 미용 (Health & Beauty),인도네시아,중소벤처기업진흥공단,2024-11-25,2024-12-12,ID
286,"싱가포르 바이어가 밀리터리 시설용 에어컨디셔닝, 공기청정시스템공급자를 찾고 있습니다.","기계, 산업 부품 및 기구 (Machinery, Industrial Parts & Tools)",싱가포르,중소벤처기업진흥공단,2024-11-27,2024-12-31,SG
287,미얀마 바이어가 현지 수출 이력이 없는 저렴한 더마 크림을 찾고 있습니다,건강 및 미용 (Health & Beauty),미얀마,중소벤처기업진흥공단,2024-11-27,2024-12-31,MM
288,홍콩바이어가  여행용 스팀 다리미 OEM  업체를 찾고 있습니다.,"가정, 조명 및 장치 (Home, Lights & Construction)",홍콩,중소벤처기업진흥공단,2024-11-27,2024-12-20,HK
289,인도 바이어가 버거 가게에서 사용 할 수 있는 포스(POS)기를  찾고 있습니다.,전자제품 (Electronics),인도,중소벤처기업진흥공단,2024-11-27,2024-12-31,IN
290,이스라엘 바이어가 올리브영 입점 브랜드 화장품 총판 업체를 찾고 계십니다.,건강 및 미용 (Health & Beauty),이스라엘,중소벤처기업진흥공단,2024-11-27,2024-12-13,IL
291,인도바이어가 소주 증류수 원액 국내공급업자를 찾습니다.,농업 및 식품 (Agriculture & Food),인도,중소벤처기업진흥공단,2024-12-10,2024-12-24,IN
292,"인도 바이어가 볼 베어링, 실린더형 롤러 베어링, 구 모양 롤러 베어링, 테이퍼드 롤러 베어링(BALL BEARINGS, CYLINDRICAL ROLLER BEARINGS, SPHERICAL ROLLER BEARINGS, TAPERED ROLLER BEARINGS) 공급업체를 찾고 있습니다.","기계, 산업 부품 및 기구 (Machinery, Industrial Parts & Tools)",인도,중소벤처기업진흥공단,2024-12-09,2025-01-31,IN
293,파키스탄 바이어가 중고 신발(Used Shoes) 공급사를 찾고 있습니다,"가방, 신발 및 액세서리 (Bags, Shoes & Accessories)",파키스탄,중소벤처기업진흥공단,2024-12-10,2024-12-31,PK
294,"싱가포르 바이어가 에틸렌초산비닐 (EVA, Ethylene Vinyl Acetate) 공급사를 찾고 있습니다","기계, 화학, 고무 및 플라스틱 (Metallurgy, Chemicals, Rubber & Plastics)",싱가포르,중소벤처기업진흥공단,2024-12-10,2024-12-31,SG
295,파키스탄 바이어가 철도(Railway) 관련 제품 공급사를 찾고 있습니다,자동 및 수송 (Auto & Transportation),파키스탄,중소벤처기업진흥공단,2024-12-10,2024-12-31,PK
296,홍콩 바이어가  투명 썬 패치 (transparent sun patch) 관련 공급사를 찾고 있습니다.,건강 및 미용 (Health & Beauty),홍콩,중소벤처기업진흥공단,2024-12-10,2024-12-24,HK
297,말레이시아 바이어가 볼 밸브 및 체크 밸브 제조사를 찾고 있습니다 ( 3.2 cert 필수),"기계, 산업 부품 및 기구 (Machinery, Industrial Parts & Tools)",말레이시아,중소벤처기업진흥공단,2024-12-11,2024-12-17,MY
298,싱가포르 바이어가 Haloflex 202   관련 공급사를 찾고 있습니다.,"기계, 화학, 고무 및 플라스틱 (Metallurgy, Chemicals, Rubber & Plastics)",싱가포르,중소벤처기업진흥공단,2024-12-11,2024-12-31,SG
299,"아일랜드바이어가 Phone, Tablet, Laptop 케이스 국내 제조사를 찾습니다.","가방, 신발 및 액세서리 (Bags, Shoes & Accessories)",아일랜드,중소벤처기업진흥공단,2024-12-11,2024-12-18,
300,남아공바이어가 중고폰(Used Phone) 수출업체 찾고 있습니다.,전자제품 (Electronics),남아프리카공화국,중소벤처기업진흥공단,2024-12-12,2025-01-09,ZA
301,나이지리아 바이어가 유아 스킨케어 제품을 찾습니다.,건강 및 미용 (Health & Beauty),나이지리아,중소벤처기업진흥공단,2024-12-12,2024-12-18,NG
302,태국 바이어가 수출용 한국 소불고기 소스(korean sliced beef sauce) 제품 공급자를 찾습니다.,농업 및 식품 (Agriculture & Food),타이,중소벤처기업진흥공단,2024-12-12,2024-12-13,
303,말레이시아 바이어가 의료용 비자성 마길 포셉(non-magnetic Magill forceps) 공급업체를 찾고 있습니다.,건강 및 미용 (Health & Beauty),말레이시아,중소벤처기업진흥공단,2024-12-12,2025-01-31,MY
304,나이지리아 바이어가 붉닭볶음면 수출가능공급업체 찾습니다.,농업 및 식품 (Agriculture & Food),나이지리아,중소벤처기업진흥공단,2024-12-13,2024-12-20,NG
305,"필리핀 바이어가 병원 침대 또는 테이블과 조명, 방사선 제품 공급 업체를 찾고 있습니다.","의류, 직물 및 액세서리 (Apparel, Textiles & Accessories)",필리핀,중소벤처기업진흥공단,2024-12-13,2025-01-10,PH
306,필리핀 바이어가 에세틱샵용 미용기기(Beauty device for esthetic shop) 공급업체를 찾고 있습니다.,건강 및 미용 (Health & Beauty),필리핀,중소벤처기업진흥공단,2024-12-16,2024-12-31,PH
307,"홍콩바이어가 낮은 가격대의 반려동물 아이템(식품, 악세서리 등) 공급업체를 찾고 있습니다.","가방, 신발 및 액세서리 (Bags, Shoes & Accessories)",홍콩,중소벤처기업진흥공단,2024-12-16,2025-01-10,HK
308,아랍 에미레이트 바이어가 헬스케어 솔루션  관련 공급사를 찾고 있습니다.,건강 및 미용 (Health & Beauty),아랍에미리트,중소벤처기업진흥공단,2024-12-16,2025-01-05,AE
309,"호주 바이어가 안면홍조, 여드름, 색소침착을 치료하는 스킨케어 (effective for pigmentation, acne, rosacea) 제품 공급자를 찾습니다.",건강 및 미용 (Health & Beauty),오스트레일리아,중소벤처기업진흥공단,2024-12-17,2024-12-17,
310,몽골바이어가 중저가 맥주(light &amp; soft beer) 공급업체를 찾고 있습니다.,농업 및 식품 (Agriculture & Food),몽골,중소벤처기업진흥공단,2024-12-17,2025-01-31,MN
311,인도바이어가 섬유강화 플라스틱 철근 생산라인(FRP rebar production line) 현지구축 가능 기업을 찾고 있습니다.,"기계, 산업 부품 및 기구 (Machinery, Industrial Parts & Tools)",인도,중소벤처기업진흥공단,2024-12-17,2025-01-31,IN
312,"인도 바이어가  케이블 및 광섬유 제조 공정에서 필요한 고속, 고정밀 측정, 마킹 및 검증 시스템  관련 공급사를 찾고 있습니다.","기계, 산업 부품 및 기구 (Machinery, Industrial Parts & Tools)",인도,중소벤처기업진흥공단,2024-12-19,2025-01-12,IN
313,방글라데시 과일수입 바이어가 &quot;로얄갈라사과(엔비사과)및 한국 재배 과일&quot; 공급사를 찾고 있습니다.,농업 및 식품 (Agriculture & Food),방글라데시,중소벤처기업진흥공단,2024-12-20,2024-12-31,BD
314,미국바이어가 반려동물미용용품(Pet Grooming Supplies) 공급업체를 찾고 있습니다.,건강 및 미용 (Health & Beauty),미국,중소벤처기업진흥공단,2024-12-23,2024-12-31,US
315,"싱가포르 바이어가 로보틱스 테크놀러지(Industrial Automatic Cleaning Robot, Home-Use EV charger) 등 관련된 업체를 찾습니다.","기계, 산업 부품 및 기구 (Machinery, Industrial Parts & Tools)",싱가포르,중소벤처기업진흥공단,2024-12-24,2025-01-31,SG
316,"폴란드 바이어가 홈밀제품, 요리에 사용되는 조미료, 향신료, 첨가(Spice, Condiment and addition for home meals)제품을 찾고 있습니다.",농업 및 식품 (Agriculture & Food),폴란드,중소벤처기업진흥공단,2024-12-24,2025-01-10,PL
317,"홍콩 바이어가  스낵, 캔디류, 안주용 식제품(candy, Snack and Munchies)을 찾고 있습니다.",농업 및 식품 (Agriculture & Food),홍콩,중소벤처기업진흥공단,2024-12-24,2024-12-31,HK
318,몽골바이어가 자포니카 쌀(Japonica rice) 공급업체를 찾고 있습니다.,농업 및 식품 (Agriculture & Food),몽골,중소벤처기업진흥공단,2024-12-24,2025-01-09,MN
319,인도네시아 바이어가 그리스도교용 게임 및 찬송가 어플(Game or psalm application for Christian religion) 공급업체를 찾고 있습니다.,"선물, 스포츠 및 장난감 (Gifts, Sports & Toys)",인도네시아,중소벤처기업진흥공단,2024-12-26,2025-01-31,ID
320,"터키바이어가 군부대(나토)에 공급할수 있는 낙하산,구조장비 및 용품, 항공화학( life saving equipments or parachute items or aviation chemichals) 국내제조업체를 찾습니다.","기계, 화학, 고무 및 플라스틱 (Metallurgy, Chemicals, Rubber & Plastics)",터키,중소벤처기업진흥공단,2024-12-26,2025-01-31,TR
321,싱가포르 바이어가 &quot;영유아 용품&quot;제조공급사를 찾고 있습니다.,"가정, 조명 및 장치 (Home, Lights & Construction)",싱가포르,중소벤처기업진흥공단,2024-12-26,2025-01-10,SG
322,싱가포르 바이어가 &quot;가정 용품&quot;제조공급사를 찾고 있습니다.,"가정, 조명 및 장치 (Home, Lights & Construction)",싱가포르,중소벤처기업진흥공단,2024-12-26,2025-01-10,SG
323,남아공바이어가 신발(shose) 공급업체를 찾습니다.,"가방, 신발 및 액세서리 (Bags, Shoes & Accessories)",남아프리카공화국,중소벤처기업진흥공단,2024-12-27,2025-01-08,ZA
324,아일랜드바이어가 차량용 무선충전 또는 일반 폰거치대를 국내제조업체를 찾습니다.,자동 및 수송 (Auto & Transportation),아일랜드,중소벤처기업진흥공단,2024-12-27,2025-01-31,
325,인도 바이어가 K-BEAUTY 화장품  관련 공급사를 찾고 있습니다.,건강 및 미용 (Health & Beauty),인도,중소벤처기업진흥공단,2024-12-30,2025-01-03,IN
326,"싱가포르 바이어가 과학 장비, 화학 분석 장비, 실험실 기타 장비 등(chemical analysis instrumentationr, laboratory setup) 등 관련된 업체를 찾습니다.","기계, 화학, 고무 및 플라스틱 (Metallurgy, Chemicals, Rubber & Plastics)",싱가포르,중소벤처기업진흥공단,2024-12-30,2025-01-31,SG
